tmdb_id,title,original_title,popularity,vote_average,vote_count,release_date,genre_ids,overview,poster_path,media_type,fetched_at
1304313,Lee Cronin's The Mummy,Lee Cronin's The Mummy,157.9774,7.442,361,2026-04-15,"[27, 9648]","The young daughter of a journalist disappears into the desert without a trace—eight years later, the broken family is shocked when she is returned to them, as what should be a joyful reunion turns into a living nightmare.",/1q308iixueCU4pFtSYugNOevtNx.jpg,movie,2026-05-19T22:48:41.437973
1242332,Normal,Normal,12.3489,6.782,39,2026-04-16,"[28, 80, 53]","Interim sheriff Ulysses, called to the snowbound town of Normal, MN, uncovers an international criminal conspiracy at the heart of the seemingly quaint whistle-stop when he comes to the aid of a bank-robbing couple caught up in a deadly mess.",/j5cW7TM0onwp3fQiowXX5ZJLUHR.jpg,movie,2026-05-19T22:48:41.438073
1226863,The Super Mario Galaxy Movie,The Super Mario Galaxy Movie,309.4795,6.993,992,2026-04-01,"[10751, 35, 12, 14, 16]","Having thwarted Bowser's previous plot to marry Princess Peach, Mario and Luigi now face a fresh threat in Bowser Jr., who is determined to liberate his father from captivity and restore the family legacy. Alongside companions new and old, the brothers travel across the stars to stop the young heir's crusade.",/eJGWx219ZcEMVQJhAgMiqo8tYY.jpg,movie,2026-05-19T22:48:41.438092
1339713,Obsession,Obsession,152.8951,8.128,121,2026-04-16,[27],"After breaking the mysterious ""One Wish Willow"" to win his crush's heart, a hopeless romantic finds himself getting exactly what he asked for but soon discovers that some desires come at a dark, sinister price.",/40I66L7QKguTFDPvcLcdiTbAD7I.jpg,movie,2026-05-19T22:48:41.438103
931285,Mortal Kombat II,Mortal Kombat II,146.0172,6.94,218,2026-05-06,"[28, 14, 12]","The fan favorite champions—now joined by Johnny Cage himself—are pitted against one another in the ultimate, no-holds barred, gory battle to defeat the dark rule of Shao Kahn that threatens the very existence of the Earthrealm and its defenders.",/lIsMeDbwntNXSUVHmWMMRXEZOVc.jpg,movie,2026-05-19T22:48:41.438114
1102883,Mother Mary,Mother Mary,7.7804,5.6,35,2026-04-16,"[18, 14, 10402, 53]",Long-buried wounds rise to the surface when iconic pop star Mother Mary reunites with her estranged best friend and former costume designer Sam Anselm on the eve of her comeback performance.,/qMgUI6pxkPtIuoXX4DcJ6X7bdt2.jpg,movie,2026-05-19T22:48:41.438126
1439930,The Punisher: One Last Kill,The Punisher: One Last Kill,671.0993,8.536,933,2026-05-12,"[28, 18, 80]","As Frank Castle searches for meaning beyond revenge, an unexpected force pulls him back into the fight.",/qQclTgLMDvGBuUBFGHRipxkEwWR.jpg,movie,2026-05-19T22:48:41.438137
687163,Project Hail Mary,Project Hail Mary,447.7858,8.598,3633,2026-03-15,"[878, 12]","Science teacher Ryland Grace wakes up on a spaceship light years from home with no recollection of who he is or how he got there. As his memory returns, he begins to uncover his mission: solve the riddle of the mysterious substance causing the sun to die out. He must call on his scientific knowledge and unorthodox ideas to save everything on Earth from extinction.",/yihdXomYb5kTeSivtFndMy5iDmf.jpg,movie,2026-05-19T22:48:41.438147
1228710,Star Wars: The Mandalorian and Grogu,Star Wars: The Mandalorian and Grogu,45.4551,8.0,5,2026-05-20,"[12, 878, 28]","The evil Empire has fallen, and Imperial warlords remain scattered throughout the galaxy. As the fledgling New Republic works to protect everything the Rebellion fought for, they have enlisted the help of legendary Mandalorian bounty hunter Din Djarin and his young apprentice Grogu.",/vrwVS8vQcmNieHFbNmAfnSoPdUL.jpg,movie,2026-05-19T22:48:41.438158
83533,Avatar: Fire and Ash,Avatar: Fire and Ash,154.9556,7.487,3092,2025-12-17,"[878, 12, 14]","In the wake of the devastating war against the RDA and the loss of their eldest son, Jake Sully and Neytiri face a new threat on Pandora: the Ash People, a violent and power-hungry Na'vi tribe led by the ruthless Varang. Jake's family must fight for their survival and the future of Pandora in a conflict that pushes them to their emotional and physical limits.",/aabwWZWx6z1aYP4PX2ADvbDKktd.jpg,movie,2026-05-19T22:48:41.438167
1314481,The Devil Wears Prada 2,The Devil Wears Prada 2,76.2403,6.7,597,2026-04-29,"[35, 18]","Andy Sachs returns to Runway as Miranda Priestly navigates a new media landscape and Runway's position within. The duo reconnect with former assistant Emily Charlton, now the head of a luxury brand that possesses funding which could ensure Runway's survival.",/xTI42pmsP5EDnvsNJPEDubwWBQO.jpg,movie,2026-05-19T22:48:41.438177
1273221,Scary Movie,Scary Movie,17.2285,0.0,0,2026-06-03,"[35, 27]","Twenty-six years after outrunning a suspiciously familiar masked killer, the Core Four are back in the killer's crosshairs and no horror movie IP is safe.",/2OHkZEqQL4OjYXIqWopJu0BijTD.jpg,movie,2026-05-19T22:48:41.438186
1083381,Backrooms,Backrooms,21.4532,0.0,0,2026-05-27,"[27, 9648, 878]",A strange doorway appears in the basement of a furniture showroom.,/vpkNMkbisv5cTaIfCzUduYzXnjb.jpg,movie,2026-05-19T22:48:41.438195
936075,Michael,Michael,116.9987,7.578,778,2026-04-22,"[10402, 18]","The story of Michael Jackson, one of the most influential artists the world has ever known, and his life beyond the music. His journey from the discovery of his extraordinary talent as the lead of the Jackson Five, to the visionary artist whose creative ambition fueled a relentless pursuit to become the biggest entertainer in the world, highlighting both his life off-stage and some of the most iconic performances from his early solo career.",/tBtqTCimYm3DKck3t8A2mgJaKVK.jpg,movie,2026-05-19T22:48:41.438223
1368314,Passenger,Passenger,17.7669,7.0,3,2026-05-20,"[27, 53]","After a young couple witnesses a gruesome highway accident, they soon realize they did not leave the crash scene alone, as a demonic presence called the Passenger that won't stop until it claims them both turns their van life adventure into a nightmare.",/2sOEJzhPzjTkZSlPbGxOJ7xgIyS.jpg,movie,2026-05-19T22:48:41.438232
454639,Masters of the Universe,Masters of the Universe,24.1689,0.0,0,2026-06-03,"[28, 14, 878]","After being separated for 15 years, the Sword of Power leads Prince Adam back to Eternia, where he discovers his home shattered under the fiendish rule of Skeletor. To save his family and his world, Adam must join forces with his closest allies, Teela and Duncan/Man-At-Arms, and embrace his true destiny as He-Man — the most powerful man in the universe.",/1iaoDCWAM5C1kvlmIiCrLUE16uM.jpg,movie,2026-05-19T22:48:41.438242
1007757,Swapped,Swapped,354.9764,8.987,1190,2026-05-01,"[16, 10751, 12, 14]","A small woodland creature and a majestic bird, two natural sworn enemies of the Valley, magically trade places and set off on an adventure of a lifetime to switch back. Their journey soon uncovers a greater threat—one that could endanger not only their species, but the entire valley they call home.",/tHhxWxge06goXU6ZQH1hj7vK8Hd.jpg,movie,2026-05-19T22:48:41.438253
1084244,Toy Story 5,Toy Story 5,17.555,0.0,0,2026-06-17,"[16, 10751, 35, 12]","When Bonnie receives a Lilypad tablet as a gift and becomes obsessed, Buzz, Woody, Jessie and the rest of the gang's jobs become exponentially harder when they have to go head to head with the all-new threat to playtime.",/dWIAOC9EKFehGs3CYvDQih3hxaG.jpg,movie,2026-05-19T22:48:41.438264
1140521,The Magic Faraway Tree,The Magic Faraway Tree,29.9019,6.352,27,2026-03-26,"[10751, 14, 12]","A modern family relocates to the countryside where the children discover a magical tree with eccentric residents. They're transported to fantastical lands, rekindling their family bond through adventures.",/udXvLxC5gAqN8SinemyFBEcHpTf.jpg,movie,2026-05-19T22:48:41.438274
1430077,Hokum,Hokum,16.3147,7.0,43,2026-04-29,[27],"When novelist Ohm Bauman retreats to a remote inn to scatter his parents' ashes, he is consumed by tales of a witch haunting the honeymoon suite. Disturbing visions and a shocking disappearance forces him to confront dark corners of his past.",/jKPWwsbAM6HKURPYQ1eG8DmKMKn.jpg,movie,2026-05-19T22:48:41.438282
1327819,Hoppers,Hoppers,136.9073,8.078,1129,2026-03-04,"[12, 16, 35, 10751, 878]","Scientists have discovered how to 'hop' human consciousness into lifelike robotic animals, allowing people to communicate with animals as animals. Animal lover Mabel seizes an opportunity to use the technology, uncovering mysteries within the animal world beyond anything she could have imagined.",/xjtWQ2CL1mpmMNwuU5HeS4Iuwuu.jpg,movie,2026-05-19T22:48:42.269817
1325734,The Drama,The Drama,38.3143,6.926,779,2026-03-26,"[10749, 35, 18]",A happily engaged couple is put to the test when an unexpected turn sends their wedding week off the rails.,/yPV87cvDabRMTZs6NIbZLOufBLR.jpg,movie,2026-05-19T22:48:42.269838
1628367,Kartavya,कर्त्तव्य,42.7705,6.8,6,2026-05-15,"[80, 18, 53]","With his family's safety at stake and menacing threats closing in, a police officer must decide how far he'll go to uphold his duty.",/doTwMyAphlDL5Z8WqE3elWWvj8M.jpg,movie,2026-05-19T22:48:42.269845
1684244,Untold UK: Liverpool's Miracle of Istanbul,Untold UK: Liverpool's Miracle of Istanbul,0.5124,0.0,0,2026-05-19,"[99, 36]",At half-time in the 2005 champion league final Liverpool were 3-0 down. What happened next made football history -​ as players recall in this documentary.,/oS1ad6L9ybHYEJLljmTkxn4ORDC.jpg,movie,2026-05-19T22:48:42.269851
1318447,Apex,Apex,227.5895,6.657,1097,2026-04-24,"[28, 53]",A grieving woman pushing her limits on a solo adventure in the Australian wild is ensnared in a twisted game with a cunning killer who thinks she's prey.,/eTp7gSPkSF3Aw79mNx1NkBP1PZT.jpg,movie,2026-05-19T22:48:42.269857
1330021,Remarkably Bright Creatures,Remarkably Bright Creatures,118.3567,8.512,327,2026-05-07,"[18, 9648]","Through unlikely bonds formed during night shifts at a local aquarium, Tova, an elderly widow, learns of a life-changing discovery that may bring her joy and wonder once again.",/9HcEqn3D4J6b2Z0jK54id9nA0fr.jpg,movie,2026-05-19T22:48:42.269863
1301421,The Sheep Detectives,The Sheep Detectives,107.6283,7.628,78,2026-04-30,"[35, 10751, 9648]","George Hardy is a shepherd who reads detective novels to his beloved sheep every night, assuming they can't possibly understand. But when a mysterious incident disrupts life on the farm, the sheep realize they must become the detectives. As they follow the clues and investigate human suspects, they prove that even sheep can be brilliant crime-solvers.",/6QtL9rl3Zb4d8qW6EJ4qO5hSSfU.jpg,movie,2026-05-19T22:48:42.269870
1266127,Ready or Not: Here I Come,Ready or Not: Here I Come,145.7719,7.64,763,2026-03-19,"[53, 27, 35]","Moments after surviving an all-out attack from the Le Domas family, Grace discovers she’s reached the next level of the nightmarish game — and this time with her estranged sister Faith at her side. Grace has one chance to survive, keep her sister alive, and claim the High Seat of the Council that controls the world. Four rival families are hunting her for the throne, and whoever wins rules it all.",/13ZcJzSGEqVgDSqsS9U5EkQwPkV.jpg,movie,2026-05-19T22:48:42.269876
1122573,In the Grey,In the Grey,48.5359,6.359,39,2026-05-13,"[28, 53]","A covert team of elite operatives are living in the shadows. When a ruthless despot steals a billion-dollar fortune, they're sent to take it back—an impossible heist that erupts into a deadly game of strategy, deception and survival.",/dQgIcW6Th08kMRf2HBoYWoFE6OD.jpg,movie,2026-05-19T22:48:42.269881
1662317,The Crash,The Crash,17.471,6.5,20,2026-05-15,"[99, 80]","A teen slams her car into a building, killing her boyfriend and his friend. What seems like a tragic accident becomes a murder case.",/veskdPx4YUTmkrFrTs6zRJ8VV4E.jpg,movie,2026-05-19T22:48:42.269886
1297842,GOAT,GOAT,115.5354,8.11,630,2026-02-11,"[16, 35, 10751]","A small goat with big dreams gets a once-in-a-lifetime shot to join the pros and play roarball, a high-intensity, co-ed, full-contact sport dominated by the fastest, fiercest animals in the world.",/wfuqMlaExcoYiUEvKfVpUTt1v4u.jpg,movie,2026-05-19T22:48:42.269892
1684226,Bride of the Year,Bruid van die Jaar,47.9999,8.125,4,2026-05-15,"[35, 10749, 10751]","When Lienkie's dream of budding a family of her own come crashing down, she hatches a devious plan to win ""Bride of the Year"" and get back at her ex.",/2AiO7wnTrY5ktq0pLco3eS6g8NL.jpg,movie,2026-05-19T22:48:42.269897
1198994,Send Help,Send Help,74.4888,7.035,1492,2026-01-22,"[27, 53, 35]","Two colleagues become stranded on a deserted island, the only survivors of a plane crash. On the island, they must overcome past grievances and work together to survive, but ultimately, it's a battle of wills and wits to make it out alive.",/mjkS2iAgWj3ik1DTjvI15nHZ7yl.jpg,movie,2026-05-19T22:48:42.269903
1177767,Mile End Kicks,Mile End Kicks,1.6756,7.0,2,2026-04-17,"[35, 10749, 10402, 18]","Grace Pine, a 22-year-old music critic, moves to Montreal to write a book on Alanis Morissette's Jagged Little Pill, but her plans are complicated when she becomes romantically involved with two members of an indie band she is covering and decides to become their publicist.",/qq3Q1tsxAxMqP38YTZKl8m5zmA4.jpg,movie,2026-05-19T22:48:42.269909
855435,Faces of Death,Faces of Death,97.1636,5.3,55,2026-04-10,[27],"A woman, employed as a website content moderator, comes across a series of violent videos reproducing death scenes from a film.",/vPVY3S57lEooBLJCg6KGdMHkUxm.jpg,movie,2026-05-19T22:48:42.269915
1582770,Dhurandhar: The Revenge,धुरंधर: द रिवेंज,43.5178,7.4,77,2026-03-18,"[28, 80, 53]","As rival gangs, corrupt officials and a ruthless Major Iqbal close in, Hamza's mission for his country spirals into a bloody personal war where the line between patriot and monster disappears in the streets of Lyari.",/ov8vrRLZGoXHpYjSY9Vpv1tHJX7.jpg,movie,2026-05-19T22:48:42.269920
1368337,The Odyssey,The Odyssey,37.6332,0.0,0,2026-07-15,"[12, 28, 14]","Odysseus, the legendary King of Ithaca, embarks on a long and perilous journey home following the Trojan War. Throughout his voyage, he is forced to confront the whims of gods, mythological monsters, and trials that stretch both his cunning and his humanity to the breaking point.",/2jzjE3OtXekGtn3vdRGXpyWrHe7.jpg,movie,2026-05-19T22:48:42.269925
1275779,Disclosure Day,Disclosure Day,16.0666,0.0,0,2026-06-10,"[9648, 878, 53]","If you found out we weren’t alone, if someone showed you, proved it to you, would that frighten you?",/3o5YPjDGDTcTDL5ftDA9NwN9dLd.jpg,movie,2026-05-19T22:48:42.269931
1368166,The Housemaid,The Housemaid,64.7895,7.25,2130,2025-12-18,"[9648, 53]","Trying to escape her past, Millie Calloway accepts a job as a live-in housemaid for the wealthy Nina and Andrew Winchester. But what begins as a dream job quickly unravels into something far more dangerous—a sexy, seductive game of secrets, scandal, and power.",/cWsBscZzwu5brg9YjNkGewRUvJX.jpg,movie,2026-05-19T22:48:42.269936
1159559,Scream 7,Scream 7,51.7854,6.127,907,2026-02-25,"[27, 9648, 80]","When a new Ghostface killer emerges in the quiet town where Sidney Prescott has built a new life, her darkest fears are realized as her daughter becomes the next target. Determined to protect her family, Sidney must face the horrors of her past to put an end to the bloodshed once and for all.",/jjyuk0edLiW8vOSnlfwWCCLpbh5.jpg,movie,2026-05-19T22:48:42.269942
1159559,Scream 7,Scream 7,51.7854,6.127,907,2026-02-25,"[27, 9648, 80]","When a new Ghostface killer emerges in the quiet town where Sidney Prescott has built a new life, her darkest fears are realized as her daughter becomes the next target. Determined to protect her family, Sidney must face the horrors of her past to put an end to the bloodshed once and for all.",/jjyuk0edLiW8vOSnlfwWCCLpbh5.jpg,movie,2026-05-19T22:48:43.104027
1427838,The Holy Grail,Extrawurst,2.1682,6.8,24,2026-01-15,"[35, 18]","At a tennis club in rural Germany, preparations for the summer party are led by Heribert. When a separate grill is suggested for Erol, the club's only Muslim member, tensions flare. What begins as a simple discussion quickly turns into a debate about societal and personal conflicts, threatening to tear the club apart.",/eLmcdb6MsKUVi88esD41cCS2KY7.jpg,movie,2026-05-19T22:48:43.104061
1469342,Her Private Hell,Her Private Hell,5.4015,0.0,0,2026-07-24,"[878, 27, 53]","When a mysterious mist engulfs a futuristic metropolis, unleashing a deadly and elusive entity, a troubled young woman searches for her father. Her quest collides with an American GI on a harrowing odyssey to rescue his daughter from Hell.",/kncKYCe4stYQ1YPAmIcvtjpF1Bc.jpg,movie,2026-05-19T22:48:43.104069
969681,Spider-Man: Brand New Day,Spider-Man: Brand New Day,25.8737,0.0,0,2026-07-29,"[878, 28, 12]","Four years have passed since the events of No Way Home, and Peter is now an adult living entirely alone, having voluntarily erased himself from the lives and memories of those he loves. Crime-fighting in a New York that no longer knows his name, he's devoted himself entirely to protecting his city — a full-time Spider-Man — but as the demands on him intensify, the pressure sparks a surprising physical evolution that threatens his existence, even as a strange new pattern of crimes gives rise to one of the most powerful threats he has ever faced.",/yyB2VJEW3an2xCdcYCPQhn9QERR.jpg,movie,2026-05-19T22:48:43.104075
1227877,I Love Boosters,I Love Boosters,4.568,0.0,0,2026-05-22,"[35, 878, 80]",A fearless crew of inventive young women turn shoplifting into a radical act of defiance.,/4pNKIUFy7tkZiBx0rnSmG9ysRy.jpg,movie,2026-05-19T22:48:43.104081
1317288,Marty Supreme,Marty Supreme,23.6613,7.389,1728,2025-12-19,"[18, 53]","Marty Mauser, a young man with a dream no one respects, goes to hell and back in pursuit of greatness.",/lYWEXbQgRTR4ZQleSXAgRbxAjvq.jpg,movie,2026-05-19T22:48:43.104087
680493,Return to Silent Hill,Return to Silent Hill,34.3634,5.346,527,2026-01-21,"[9648, 18, 27]","When James receives a mysterious letter from his lost love Mary, he is drawn to Silent Hill—a once-familiar town now consumed by darkness. As he searches for her, James faces monstrous creatures and unravels a terrifying truth that will push him to the edge of his sanity.",/mdw7bSnE11WpwWf3ViXtnavuqiT.jpg,movie,2026-05-19T22:48:43.104092
1380279,The Plastic Men,The Plastic Men,2.5359,7.556,9,2026-05-07,"[10752, 18, 27]","Vietnam veteran Jonathan Teller suffers from guilt and paranoid delusions. He decides to take his own life, but as he struggles to come to terms with his choice and reality, a chance encounter changes everything.",/4Fj40Qh6sLbyQvaf4g4QLPbte4M.jpg,movie,2026-05-19T22:48:43.104099
1656061,Immortal Combat,Immortal Combat,9.7146,6.1,7,2026-04-24,"[28, 12, 878]","History's greatest warriors, including Genghis Khan and Joan of Arc, are summoned by a shadowy organization to fight in a battle to the death. But unknown to their captors, the fighters have been plotting to turn the tables and dismantle the deadly enterprise from within.",/mhRAgvQ04DTE4zQN3OSyc9Lonj3.jpg,movie,2026-05-19T22:48:43.104104
696393,Cold Storage,Cold Storage,18.1798,6.803,442,2026-01-22,"[27, 878, 35]","When a mutating, highly contagious fungus escapes a sealed facility, two employees – joined by a grizzled bioterror operative – must survive the wildest night shift ever to save humanity from extinction.",/3HA2iiq982e01EKXJvPFyfMADVM.jpg,movie,2026-05-19T22:48:43.104110
1455079,"You, Me & Tuscany","You, Me & Tuscany",19.6421,6.714,42,2026-04-09,"[10749, 35]","When a woman crashes at an empty Italian villa, posing as the owner's fiancée, she discovers an unexpected romance that could transform her life.",/mJS0IF7Af3WpPRhSTDT6rGpiLzw.jpg,movie,2026-05-19T22:48:43.104116
1084242,Zootopia 2,Zootopia 2,89.6629,7.638,2773,2025-11-26,"[12, 16, 35, 10751, 9648]","After cracking the biggest case in Zootopia's history, rookie cops Judy Hopps and Nick Wilde find themselves on the twisting trail of a great mystery when Gary De'Snake arrives and turns the animal metropolis upside down. To crack the case, Judy and Nick must go undercover to unexpected new parts of town, where their growing partnership is tested like never before.",/oJ7g2CifqpStmoYQyaLQgEU32qO.jpg,movie,2026-05-19T22:48:43.104122
1669050,Tayuan 2,Tayuan 2,150.0482,4.667,6,2026-04-17,[18],"A charming bus conductor drawn to both men and women who feels an unexpected spark with a shy commuter. On crowded bus rides where bodies brush, desire grows and love becomes messy.",/gkHNa8q3RNhgj2EMuoYWJUHsMa6.jpg,movie,2026-05-19T22:48:43.104127
1159831,The Bride!,The Bride!,24.7725,6.217,428,2026-03-04,"[878, 27, 14]",A lonely Frankenstein travels to 1930s Chicago to ask groundbreaking scientist Dr. Euphronious to create a companion for him. The two revive a murdered young woman and The Bride is born. But what ensues is beyond what either of them imagined.,/lV8YHwGkYZsm6EfIqnhaSz2avKt.jpg,movie,2026-05-19T22:48:43.104153
1088548,Bitter Christmas,Amarga Navidad,4.9433,7.2,16,2026-03-20,"[18, 35]","After her mother dies in December, advertising director Elsa immerses herself in work to cope. When a panic attack forces her to take a break, she decides to travel to Lanzarote with her friend Patricia. The story of these women run parallel to that of a screenwriter and film director, exploring how life and fiction are inseparably linked, sometimes painfully so.",/kiPGcHX0YT49nrab76G0bqw3gHW.jpg,movie,2026-05-19T22:48:43.104162
1108427,Moana,Moana,5.8761,0.0,0,2026-07-08,"[10751, 14, 35, 12]","Moana answers the Ocean's call and, for the first time, voyages beyond the reef of her island of Motunui with the infamous demigod Maui on an unforgettable journey to restore prosperity to her people.",/zKVgiv5qHCvCLT4A2ymJi5QeXDH.jpg,movie,2026-05-19T22:48:43.104171
840464,Greenland 2: Migration,Greenland 2: Migration,68.6646,6.414,1064,2026-01-07,"[12, 53, 878]","Having found the safety of the Greenland bunker after the comet Clarke decimated the Earth, the Garrity family must now risk everything to embark on a perilous journey across the wasteland of Europe to find a new home.",/z2tqCJLsw6uEJ8nJV8BsQXGa3dr.jpg,movie,2026-05-19T22:48:43.104180
1440050,The Breadwinner,The Breadwinner,2.9605,0.0,0,2026-05-28,"[35, 10751]",After his wife Katie lands a once-in-a-lifetime deal on Shark Tank that takes her on a prolonged business trip - lifelong breadwinner Nate Wilcox now has to fend for his family as a first-time stay-at-home dad.,/4apG9Xk6HQvV48JKEjSUeiebju7.jpg,movie,2026-05-19T22:48:43.104191
1316092,"""Wuthering Heights""","""Wuthering Heights""",39.4032,6.634,980,2026-02-11,"[10749, 18]","Tragedy strikes when Heathcliff falls in love with Catherine Earnshaw, a woman from a wealthy family in 18th-century England.",/3YBce6dTh1D5oCMITXk2S5QhPt.jpg,movie,2026-05-19T22:48:43.104200
1280738,The Furious,火遮眼,27.7281,0.0,0,2026-06-05,"[28, 80, 53]","After Wang Wei's daughter is kidnapped by a criminal network and he receives no help from the corrupt police, Wei sets out to find her himself. His only ally is Navin, a relentless journalist whose wife has mysteriously disappeared. Fueled by a furious vengeance, the unlikely duo ruthlessly battle the kidnappers in this explosive martial arts showdown.",/zP19YO60jwEsfKd5Qf1UvA5uJu8.jpg,movie,2026-05-19T22:48:43.104210
1630423,My Dearest Assassin,เลือดรัก นักฆ่า,166.1321,8.614,180,2026-05-06,"[28, 18, 10749]","Hunted for her rare blood type, a caged woman vows to fight alongside the assassin she loves to protect their future when an old enemy resurfaces.",/ul4dQcA68mtSx8J56N5gEcaCCtP.jpg,movie,2026-05-19T22:48:43.954592
1671548,Dear You,给阿嬷的情书,43.4451,9.1,15,2026-04-30,"[18, 10751]","Grandma Ye Shurou from Chaoshan lived a simple life, enjoying her twilight years. Her grandson, Xiaowei, burdened by debt, secretly traveled to Thailand to find his rumored billionaire grandfather, Zheng Musheng. However, Xiaowei returned with shocking news: his grandfather was long gone, and the person with whom Grandma had exchanged love letters was a complete stranger. As Xiaowei investigated, a love affair hidden for half a century suddenly surfaced, striking Grandma's heart.",/s0sC3hPPX4OobLNfdl2iSs2vtvI.jpg,movie,2026-05-19T22:48:43.954620
1380291,Tom Clancy's Jack Ryan: Ghost War,Tom Clancy's Jack Ryan: Ghost War,10.6819,8.5,2,2026-05-20,"[28, 53, 18]","When an international covert mission unravels a deadly conspiracy, Ryan is forced back into the world of espionage to confront a rogue black-ops unit.",/vjUWJXdd275UYJDzblaNPZp9319.jpg,movie,2026-05-19T22:48:43.954629
1315772,Minions & Monsters,Minions & Monsters,8.3915,0.0,0,2026-06-24,"[12, 16, 35, 10751, 14]","This is the rambunctious, ridiculous and totally true story of how the Minions conquered Hollywood, became movie stars, lost everything, unleashed monsters onto the world and then banded together to try and save the planet from the mayhem they had just created.",/nz7i42yhLIJ4ve9JKgM6NthoLHO.jpg,movie,2026-05-19T22:48:43.954636
1290417,Thrash,Thrash,25.1605,6.009,565,2026-04-10,"[27, 53]","When a Category 5 hurricane decimates a coastal town, the storm surge brings devastation, chaos, and something far more frightening onto shore: hungry sharks.",/adk8weka3O5648g3de4z3y4aE7G.jpg,movie,2026-05-19T22:48:43.954642
1272837,28 Years Later: The Bone Temple,28 Years Later: The Bone Temple,39.1028,7.122,1188,2026-01-14,"[27, 53, 878]",Dr. Kelson finds himself in a shocking new relationship - with consequences that could change the world as they know it - and Spike's encounter with Jimmy Crystal becomes a nightmare he can't escape.,/kK1BGkG3KAvWB0WMV1DfOx9yTMZ.jpg,movie,2026-05-19T22:48:43.954650
1290821,Shelter,Shelter,86.772,7.478,950,2026-01-28,"[28, 80, 53]","A man living in self-imposed exile on a remote island rescues a young girl from a violent storm, setting off a chain of events that forces him out of seclusion to protect her from enemies tied to his past.",/buPFnHZ3xQy6vZEHxbHgL1Pc6CR.jpg,movie,2026-05-19T22:48:43.954656
1318413,Pressure,Pressure,5.6858,0.0,0,2026-05-28,"[53, 36, 10752]","In the tense 72 hours before D-Day, and the fate of the free world hanging in the balance, General Dwight D. Eisenhower and Captain James Stagg face an impossible choice—launch the largest and most dangerous seaborne invasion in history or risk losing the war altogether.",/9RkDrI8V8QJBjhtyRX7y6Qow3aq.jpg,movie,2026-05-19T22:48:43.954662
1311031,Demon Slayer: Kimetsu no Yaiba Infinity Castle,劇場版「鬼滅の刃」無限城編 第一章 猗窩座再来,93.706,7.712,831,2025-07-18,"[16, 28, 14]","The Demon Slayer Corps are drawn into the Infinity Castle, where Tanjiro, Nezuko, and the Hashira face terrifying Upper Rank demons in a desperate fight as the final battle against Muzan Kibutsuji begins.",/fWVSwgjpT2D78VUh6X8UBd2rorW.jpg,movie,2026-05-19T22:48:43.954668
614945,Voicemails for Isabelle,Voicemails for Isabelle,1.3071,0.0,0,2026-06-19,"[10749, 35]","A young woman copes with her sister’s death by leaving her voicemails chronicling her chaotic life in San Francisco. When the number is unknowingly reassigned, an elusive Austin real estate agent begins receiving the hilariously confessional messages.",,movie,2026-05-19T22:48:43.954674
1380316,Is God Is,Is God Is,6.7898,4.8,10,2026-05-14,"[18, 53]","Two sisters embark on an epic quest for revenge, confronting a charged family history that pushes them to extraordinary lengths.",/rCYQGHdoz7qwYsb6wXETJfUfDLX.jpg,movie,2026-05-19T22:48:43.954680
1292415,Beast,Beast,143.7614,6.5,31,2026-04-10,"[28, 18]","MMA legend Patton James, now a commercial fisherman, is pulled back into the cage when his brother is in danger. Reuniting with his old coach Sammy, he commits to one final fight in one championship against the brutal champion Xavier Grau.",/7NrvUI3vnW8H3rD7ExKcTL7KRcQ.jpg,movie,2026-05-19T22:48:43.954686
1628638,You Will Be Free,Ma fille tu seras libre,2.2443,0.0,0,2026-03-27,[18],"Afghanistan, Spring 2002 — Following the fall of the taliban regime, the country faces extreme poverty. To feed his family, a father is forced to sell his 15-year-old daughter to a 65-year-old man. Refusing to accept this fate for her child, the mother, determined to give her a brighter future, arranges a marriage with a man living in Montreal. In return, she makes a solemn promise: the children born of this union will one day marry their cousins remaining in Afghanistan. Montreal, Spring 2020 — The pact resurfaces. Now well integrated into Quebec society, Zarmina refuses to let her 15-year-old daughter marry her cousin in Afghanistan. Her firm opposition triggers a tragic chain of events.",/1fW0dHU8ioeUL7mvnSshz15zjaG.jpg,movie,2026-05-19T22:48:43.954691
1058424,Hope,호프,22.4977,0.0,0,2026-05-17,"[878, 9648, 28]","In the remote South Korean village of Hope Harbor, police chief Bum-seok and officer Sung-ae are called to investigate a mysterious creature wreaking havoc on the community. But all is not as it seems, and perceptions can be misleading. What begins as ignorance plants the seed of disaster, escalating through human conflict into a tragedy of cosmic proportions.",/1n37BJchWHLiSYQkuFxe5KjB951.jpg,movie,2026-05-19T22:48:43.954697
1398050,Driver's Ed,Driver's Ed,8.6541,6.5,6,2026-05-14,[35],"A group of teens hit the road in a stolen driver's ed car, racing against time to help a lovesick high school senior track down his college-freshman girlfriend and win her back.",/hHbzSzjJnmcq02l2razSScBEVBf.jpg,movie,2026-05-19T22:48:43.954702
1234731,Anaconda,Anaconda,33.7545,5.9,1141,2025-12-24,"[12, 35, 27]","A group of friends facing mid-life crises head to the rainforest with the intention of remaking their favorite movie from their youth, only to find themselves in a fight for their lives against natural disasters, giant snakes and violent criminals.",/hBxN6dwrANN1ic3a4G9x6JZcR3C.jpg,movie,2026-05-19T22:48:43.954708
1367220,Karuppu,கருப்பு,24.3161,7.2,6,2026-05-15,"[28, 80, 14, 18]","In a world where justice falters, guardian deity Vettai Karuppu disguises himself as a lawyer to fight a corrupt court system exploiting a young girl awaiting a liver transplant.",/k71MULHG8q9ThhFL1fcdAcOporW.jpg,movie,2026-05-19T22:48:43.954714
1061474,Superman,Superman,29.4806,7.34,4746,2025-07-09,"[878, 12, 28]","Superman, a journalist in Metropolis, embarks on a journey to reconcile his Kryptonian heritage with his human upbringing as Clark Kent.",/ldyfo0BKmz5rWtJJKCvwaNS4cJT.jpg,movie,2026-05-19T22:48:43.954721
1367642,Reminders of Him,Reminders of Him,24.9641,7.413,213,2026-03-11,"[10749, 18]","When Diem's custodial grandparents adamantly refuse Kenna's attempts to see her daughter, Kenna discovers unexpected compassion, and then something truer and deeper, with former NFL player and local bar owner Ledger. As their secret romance develops, so do the dangers for both of them, leading Kenna toward heartbreak and, ultimately, the hope for a second chance.",/7L6rceYgzQ0NeHD7PRDNrRoQ291.jpg,movie,2026-05-19T22:48:43.954726
1688177,An Enemy Within,An Enemy Within,8.4657,6.0,6,2025-10-10,"[28, 53]","On his wedding night, Caleb Wingate is ordered to kill his father-in-law before midnight or his bride dies. As a deadly assassin closes in and family secrets erupt, Caleb must uncover the truth before the night ends in blood.",/r7IaQDH6kbeVKxtJjH25QgSnh1U.jpg,movie,2026-05-19T22:48:43.954732
1242898,Predator: Badlands,Predator: Badlands,77.829,7.728,2877,2025-11-05,"[28, 878, 12]","Cast out from his clan, a young Predator finds an unlikely ally in a damaged android and embarks on a treacherous journey in search of the ultimate adversary.",/pHpq9yNUIo6aDoCXEBzjSolywgz.jpg,movie,2026-05-19T22:48:44.804120
1214931,Nuremberg,Nuremberg,24.114,7.515,986,2025-11-06,"[36, 18]","In postwar Germany, an American psychiatrist must determine whether Nazi prisoners are fit to go on trial for war crimes, and finds himself in a complex battle of intellect and ethics with Hermann Göring, Hitler's right-hand man.",/xthXNYltOOm80vW5Kxjzxx5gvQ6.jpg,movie,2026-05-19T22:48:44.804145
980431,Avatar Aang: The Last Airbender,Avatar Aang: The Last Airbender,90.1501,0.0,0,2026-10-09,"[16, 28, 12, 14]","Avatar Aang, the world's last Airbender, learns of an ancient power that could save his culture from extinction. With the help of his friends, he embarks on a global quest to find it before it falls into the wrong hands and threatens to upend the peace they sacrificed everything to achieve.",/29Jdsak3SrwGds5k1t43kH6Khed.jpg,movie,2026-05-19T22:48:44.804152
798645,The Running Man,The Running Man,28.0058,6.776,1522,2025-11-11,"[28, 53, 878]","Desperate to save his sick daughter, working-class Ben Richards is convinced by The Running Man's charming but ruthless producer to enter the deadly competition game as a last resort. But Ben's defiance, instincts, and grit turn him into an unexpected fan favorite — and a threat to the entire system. As ratings skyrocket, so does the danger, and Ben must outwit not just the Hunters, but a nation addicted to watching him fall.",/dKL78O9zxczVgjtNcQ9UkbYLzqX.jpg,movie,2026-05-19T22:48:44.804159
1376415,The Money Maker,L’affaire Bojarski,6.3314,7.089,107,2026-01-14,"[36, 18, 80]","In post-war France, Jan Bojarski, a young Polish refugee, became the greatest counterfeiter of all time, the ""Cézanne of counterfeit money"". For more than fifteen years, this man led a double life, unbeknownst to his family, making counterfeits in a garden shed that were ""truer"" than the bills issued by the Banque de France... All these years, this peerless counterfeiter managed to avoid being caught by the police, and became the bête noire of Commissaire Mattei in a hunt that, for these two obsessives, turned into a duel.",/8hBGDCNJmBljmKbmFvt6Nk3Feua.jpg,movie,2026-05-19T22:48:44.804165
1171145,Crime 101,Crime 101,52.9301,6.959,965,2026-02-11,"[80, 53]","When an elusive thief whose high-stakes heists unfold along the iconic 101 freeway in Los Angeles eyes the score of a lifetime, with hopes of this being his final job, his path collides with a disillusioned insurance broker who is facing her own crossroads. Determined to crack the case, a relentless detective closes in on the operation, raising the stakes even higher.",/tVvpFIoteRHNnoZMhdnwIVwJpCA.jpg,movie,2026-05-19T22:48:44.804171
1693346,Apple Music Live: Lady Gaga MAYHEM Requiem,Apple Music Live: Lady Gaga MAYHEM Requiem,6.8777,7.346,13,2026-05-14,[10402],"For Apple Music Live, Gaga presents MAYHEM Requiem, a celebration and musical reimagining of MAYHEM.",/5qJgfeZRcz6EOi6zUb9tpSlmDni.jpg,movie,2026-05-19T22:48:44.804176
1400357,The Christophers,The Christophers,29.2655,6.75,22,2026-04-10,"[80, 35]","The estranged children of a once-famous artist hire a forger to complete his unfinished works so they can be ""discovered"" and sold after his death.",/s6oUrGMNl8hVh7fn0O8oF2rHwrM.jpg,movie,2026-05-19T22:48:44.804182
1480387,undertone,undertone,19.2805,6.284,153,2026-03-12,"[27, 9648]",The host of a popular paranormal podcast becomes haunted by terrifying recordings mysteriously sent her way.,/2PFgFMnrdCPXWiZl1PUvky7Mo9D.jpg,movie,2026-05-19T22:48:44.804189
804370,Arco,Arco,6.2325,7.542,204,2025-10-22,"[12, 16, 10751, 878]","Ten-year-old Arco lives in a far future. During his first flight in his rainbow suit, he loses control and falls into the past. Iris, a girl his age from 2075, comes to his rescue and tries by any means to help send him back to his own era.",/mWlvHFxTDhq9O5WSOHywa32QIez.jpg,movie,2026-05-19T22:48:44.804204
1375646,Colony,군체,13.3695,0.0,0,2026-05-21,"[28, 53, 27]","Professor Se-jeong is thrust into a bloody nightmare when a rapidly mutating virus is released during a biotech conference causing authorities to seal the facility. Trapped inside with no escape, Se-jeong along with a small group of survivors must fight to stay alive while the infected undergo horrific transformations.",/tN799oUR0f1gUKDYdMNrDaY7I51.jpg,movie,2026-05-19T22:48:44.804213
1284016,Power Ballad,Power Ballad,3.4383,0.0,0,2026-05-28,"[35, 10402, 18]","When Rick, a past-his-prime wedding singer, meets fading boy-band star Danny during a gig, the two bond over music and a late-night jam session. But when Danny turns one of Rick’s songs into the hit that reignites his career, Rick sets out to reclaim the recognition he believes he deserves - even if it means risking everything he cares about.",/lsDLLagSIyTu0Gi06QjVKDp2LI2.jpg,movie,2026-05-19T22:48:44.804223
1003596,Avengers: Doomsday,Avengers: Doomsday,15.4628,0.0,0,2026-12-16,"[878, 28, 12]",Beloved heroes from three distinct universes are set on a deadly collision course and face an existential threat unlike anything they've ever encountered.,/8HkIe2i4ScpCkcX9SzZ9IPasqWV.jpg,movie,2026-05-19T22:48:44.804232
701387,Bugonia,Bugonia,12.5433,7.337,1878,2025-10-23,"[878, 53, 35]","Two conspiracy obsessed young men kidnap the high-powered CEO of a major company, convinced that she is an alien intent on destroying planet Earth.",/oxgsAQDAAxA92mFGYCZllgWkH9J.jpg,movie,2026-05-19T22:48:44.804281
1542261,Doraemon the Movie: New Nobita and the Castle of the Undersea Devil,映画ドラえもん 新・のび太の海底鬼岩城,9.2445,7.8,9,2026-02-27,"[16, 12, 14, 10751]","Nobita and friends finds a secret underwater castle packed with mysteries and riches. With Doraemon's high-tech gadgets, they dive into an ocean adventure mixing humor, teamwork, and imagination in a breathtaking aquatic world.",/j0n3oaUqbig4Gb0yG1GPrb2KRyl.jpg,movie,2026-05-19T22:48:44.804287
1236153,Mercy,Mercy,23.0421,7.002,1263,2026-01-20,"[878, 28, 53]","In the near future, a detective stands on trial accused of murdering his wife. He has ninety minutes to prove his innocence to the advanced AI Judge he once championed, before it determines his fate.",/pyok1kZJCfyuFapYXzHcy7BLlQa.jpg,movie,2026-05-19T22:48:44.804293
1119449,"Good Luck, Have Fun, Don't Die","Good Luck, Have Fun, Don't Die",14.7508,6.9,434,2026-02-13,"[878, 28, 35]",A 'Man from the Future' arrives at an LA diner where he must recruit the precise combination of disgruntled patrons to join him on a one-night quest to save the world from the terminal threat of a rogue artificial intelligence.,/rWcfOdY7TU6lTdazWj0ebDZnAfO.jpg,movie,2026-05-19T22:48:44.804298
1684240,Jamie Vardy,Jamie Vardy,6.8436,0.0,0,2026-05-12,[99],"From part-time footballer to prime league legends, this is the story of Jamie Vardy's unprecedented path and his rise to the top against all odds.",/d0pODTh6FOwn87iOeXGb7nKOdNT.jpg,movie,2026-05-19T22:48:44.804304
1688652,Gary,Gary,24.7417,6.276,29,2026-05-05,"[18, 35]","Two friends go on a work trip and encounter unexpected challenges and local personalities as they navigate their assignment. Their efforts to adapt to unfamiliar surroundings highlights moments of humor, small-town culture and the unpredictable nature of work travel. As they troubleshoot problems, their experience leaves a lasting impression and offers new perspectives on their friendship.",/jtMuKwlOl4IzpB5fWn9RT9uyy6E.jpg,movie,2026-05-19T22:48:44.804309
1339588,Finding Emily,Finding Emily,3.9347,0.0,0,2026-05-21,"[10749, 35]","When a lovesick musician is given the wrong number for his dream girl, he teams up with a driven psychology student to find her. Together, they spark a hilarious campus-wide frenzy that tests their own hearts and ambitions along the way.",/5lkaeLncVGSdBWslQBclJwPw23f.jpg,movie,2026-05-19T22:48:44.804314
