tmdb_id,title,release_date,popularity,vote_average,vote_count,genre_ids,overview,fetched_at,youtube_key,trailer_name,trailer_type,trailer_url
1315772,Minions & Monsters,2026-06-24,332.7628,7.296,521,"[12, 16, 35, 10751, 14]","This is the rambunctious, ridiculous and totally true story of how the Minions conquered Hollywood, became movie stars, lost everything, unleashed monsters onto the world and then banded together to try and save the planet from the mayhem they had just created.",2026-08-14T07:23:49.215734,ZSdOwt-G49w,Official Trailer,Trailer,https://www.youtube.com/watch?v=ZSdOwt-G49w
1375646,Colony,2026-05-21,298.044,8.124,477,"[28, 27, 878]","Professor Se-jeong is thrust into a bloody nightmare when a rapidly mutating virus is released during a biotech conference causing authorities to seal the facility. Trapped inside with no escape, Se-jeong along with a small group of survivors must fight to stay alive while the infected undergo horrific transformations.",2026-08-14T07:23:49.215745,LW6dpj1uCK8,International Trailer,Trailer,https://www.youtube.com/watch?v=LW6dpj1uCK8
1339713,Obsession,2026-05-13,248.3267,8.229,4628,"[27, 53]","After breaking the mysterious ""One Wish Willow"" to win his crush's heart, a hopeless romantic finds himself getting exactly what he asked for but soon discovers that some desires come at a dark, sinister price.",2026-08-14T07:23:49.215750,TaaDkbG3I7g,OBSESSION - Official Trailer [HD] - Only In Theaters May 15,Trailer,https://www.youtube.com/watch?v=TaaDkbG3I7g
1284465,The Death of Robin Hood,2026-06-18,246.4583,6.321,207,"[12, 18, 28]","Grappling with his past after a life of crime and murder, Robin Hood finds himself gravely injured after a battle he thought would be his last. In the hands of a mysterious woman, he is offered a chance at salvation.",2026-08-14T07:23:49.215755,tlSDDuWxO_0,Official Trailer,Trailer,https://www.youtube.com/watch?v=tlSDDuWxO_0
1108427,Moana,2026-07-08,202.781,6.0,193,"[10751, 14, 35, 12]","Teenage Moana answers the Ocean's call and, for the first time, voyages beyond the reef of her island of Motunui with infamous demigod Maui on an unforgettable journey to restore prosperity to her people.",2026-08-14T07:23:49.215759,n7f6hlKsxxo,Official Trailer,Trailer,https://www.youtube.com/watch?v=n7f6hlKsxxo
1083381,Backrooms,2026-05-27,152.346,7.102,2730,"[27, 9648, 878]",A strange doorway appears in the basement of a furniture showroom.,2026-08-14T07:23:49.215763,0HjdiohVOik,Official Trailer,Trailer,https://www.youtube.com/watch?v=0HjdiohVOik
1101383,The End of Oak Street,2026-08-12,133.9196,7.2,61,"[878, 9648, 53]","After a mysterious cosmic event rips Oak Street from suburbia and transports their neighborhood to someplace unknown, the Platt family soon discovers that their very survival depends on them sticking together as they navigate their now unrecognizable surroundings.",2026-08-14T07:23:49.215766,3oB9AxspVow,Official Trailer,Trailer,https://www.youtube.com/watch?v=3oB9AxspVow
1594914,Lucky Strike,2026-06-26,127.6131,7.389,27,"[28, 10752]","A wounded American soldier fights to survive behind enemy lines during WWII's Battle of the Bulge against the Germans, relying on his instinct, spy craft and a hand-radio to evade capture and find his way back to his unit.",2026-08-14T07:23:49.215773,vtEnjikCXyA,Official Trailer,Trailer,https://www.youtube.com/watch?v=vtEnjikCXyA
1564614,Leviticus,2026-06-17,117.0782,6.8,297,"[27, 10749]",Two teenage boys must escape a violent entity that takes the form of the person they desire most:  each other.,2026-08-14T07:23:49.215777,WXuK0vlFxII,Official Trailer,Trailer,https://www.youtube.com/watch?v=WXuK0vlFxII
950028,The Invite,2026-06-25,111.0871,7.5,183,"[35, 18, 10749]","Joe and Angela's marriage is on thin ice. When they invite their enigmatic upstairs neighbors for a dinner party, the night spirals into unexpected places. Have they reignited the spark or lit the match that burns it all down?",2026-08-14T07:23:49.215781,nelkiuezJxg,Official Trailer 2,Trailer,https://www.youtube.com/watch?v=nelkiuezJxg
936075,Michael,2026-04-22,89.6242,8.684,3993,"[10402, 18]","The story of Michael Jackson, one of the most influential artists the world has ever known, and his life beyond the music. His journey from the discovery of his extraordinary talent as the lead of the Jackson Five, to the visionary artist whose creative ambition fueled a relentless pursuit to become the biggest entertainer in the world, highlighting both his life off-stage and some of the most iconic performances from his early solo career.",2026-08-14T07:23:49.215785,mbtgEE6rkxw,Official Trailer,Trailer,https://www.youtube.com/watch?v=mbtgEE6rkxw
1523145,Your Heart Will Be Broken,2026-03-26,91.6086,7.1,120,[10749],"High school student Polina is saved from bullying at her new school and makes a deal with the main bully Bars: he must pretend to be her boyfriend and protect her, and she must do everything he says. During this game, the couple develops real feelings, but her family and classmates have reasons to separate the lovers.",2026-08-14T07:23:49.215788,,,,
1127384,Deep Water,2026-04-30,80.0654,7.152,385,"[27, 53]",A group of international passengers on a flight from Los Angeles to Shanghai is forced to make an emergency landing in shark-infested waters. The terrified group is forced to work together and overcome their differences if they hope to escape their sinking plane and the frenzy of sharks drawn to the wreckage.,2026-08-14T07:23:49.215792,f0ptq0Lzdh8,Official Trailer,Trailer,https://www.youtube.com/watch?v=f0ptq0Lzdh8
1290821,Shelter,2026-01-28,61.8098,7.779,1675,"[28, 80, 53]","A man living in self-imposed exile on a remote island rescues a young girl from a violent storm, setting off a chain of events that forces him out of seclusion to protect her from enemies tied to his past.",2026-08-14T07:23:49.215795,auHiLFjaIc0,Shelter | Official Trailer | Only In Theaters January 30,Trailer,https://www.youtube.com/watch?v=auHiLFjaIc0
278,The Shawshank Redemption,1994-09-23,57.7666,8.727,31012,"[18, 80]","Imprisoned in the 1940s for the double murder of his wife and her lover, upstanding banker Andy Dufresne begins a new life at the Shawshank prison, where he puts his accounting skills to work for an amoral warden. During his long stretch in prison, Dufresne comes to be admired by the other inmates -- including an older prisoner named Red -- for his integrity and unquenchable sense of hope.",2026-08-14T07:23:49.215798,PLl99DlL6b4,Official Trailer,Trailer,https://www.youtube.com/watch?v=PLl99DlL6b4
1308767,Young Washington,2026-07-02,46.5997,7.7,51,"[36, 10752, 18]","Before he led a nation, George Washington was a young soldier thrown into a global conflict. With alliances crumbling and war closing in, he must choose who to trust and confront the leader he's becoming.",2026-08-14T07:23:49.215802,LJek-kc384w,Official Trailer,Trailer,https://www.youtube.com/watch?v=LJek-kc384w
671,Harry Potter and the Philosopher's Stone,2001-11-16,45.5036,7.902,29987,"[12, 14]","Harry Potter has lived under the stairs at his aunt and uncle's house his whole life. But on his 11th birthday, he learns he's a powerful wizard—with a place waiting for him at the Hogwarts School of Witchcraft and Wizardry. As he learns to harness his newfound powers with the help of the school's kindly headmaster, Harry uncovers the truth about his parents' deaths—and about the villain who's to blame.",2026-08-14T07:23:49.215805,l91Km49W9qI,Official Trailer,Trailer,https://www.youtube.com/watch?v=l91Km49W9qI
1307247,OK! Madam: Bon Voyage,2026-08-12,44.1545,0.0,0,"[28, 35]","Six years after the Hawaii airplane hijacking, Mi-yeong finds herself struggling with her rebellious teenage daughter, Nari, and her unemployed husband, Seok-hwan. When Hyun-min, a flight attendant she met during the hijacking, invites her family to his wedding aboard a luxury cruise ship, Mi-yeong eagerly proposes a family holiday. Met with indifference from her husband and daughter, she decides to embark alone, joining Hyun-min's family and Ji-hoon, a charming magician. However, on the eve of the wedding, the celebration turns deadly when armed assailants seize the ship. After Seok-hwan and Nari are kidnapped and brought aboard, Mi-yeong discovers that she is the target of a much larger plot.",2026-08-14T07:23:49.215808,,,,
1430698,The Bay,2026-07-02,44.2546,5.833,21,"[53, 27]","Best friends Emma and Lani, attending a destination wedding in Thailand, find themselves trapped on a sinking tour boat in the heart of a tiger shark sanctuary.",2026-08-14T07:23:49.215811,aqRoxJdq1i4,Official Trailer,Trailer,https://www.youtube.com/watch?v=aqRoxJdq1i4
1477712,Ice Cream Man,2026-08-03,40.9143,5.1,38,[27],An idyllic summer town descends into madness when an ice cream man serves kids sweet delights with horrifying results.,2026-08-14T07:23:49.215815,Cgw3zNmFtRo,Official International Trailer,Trailer,https://www.youtube.com/watch?v=Cgw3zNmFtRo
1325734,The Drama,2026-04-01,44.6851,6.905,1547,"[10749, 35, 18]",A happily engaged couple is put to the test when an unexpected turn sends their wedding week off the rails.,2026-08-14T07:23:49.524356,6zmKcUa4Xxk,Official Trailer,Trailer,https://www.youtube.com/watch?v=6zmKcUa4Xxk
1469342,Her Private Hell,2026-07-23,39.6161,5.1,43,"[878, 27, 53]","When a mysterious mist engulfs a futuristic metropolis, unleashing a deadly and elusive entity, a troubled young woman searches for her father. Her quest collides with an American GI on a harrowing odyssey to rescue his daughter from Hell.",2026-08-14T07:23:49.524367,C7E-0t1TfzM,Official Trailer,Trailer,https://www.youtube.com/watch?v=C7E-0t1TfzM
1122573,In the Grey,2026-05-13,43.5607,7.553,699,"[28, 53]","A covert team of elite operatives are living in the shadows. When a ruthless despot steals a billion-dollar fortune, they're sent to take it back—an impossible heist that erupts into a deadly game of strategy, deception and survival.",2026-08-14T07:23:49.524372,nufP15iN4GE,Official Trailer,Trailer,https://www.youtube.com/watch?v=nufP15iN4GE
1516698,The Last Sunrise,2026-08-26,38.9619,0.0,0,"[10749, 18]","Ry, a college student with a chronic illness escapes to Mallorca for the summer with her mother, where she unexpectedly falls for a local and begins to embrace living in the moment. But as her condition worsens and long-hidden family secrets come to light, everything she has found before summer's end is threatened.",2026-08-14T07:23:49.524375,NhI2UpkFAFw,Official Trailer,Trailer,https://www.youtube.com/watch?v=NhI2UpkFAFw
1185806,PAW Patrol: The Dino Movie,2026-07-23,32.8773,7.354,24,"[12, 16, 35, 10751]","The Paw Patrol lands on a mysterious dinosaur island after a storm, where they meet Rex, a stranded pup. When Humdinger's reckless mining triggers a volcano, the team faces their biggest rescue mission yet to save the island.",2026-08-14T07:23:49.524379,xgI5iYmOf5Q,Official Trailer,Trailer,https://www.youtube.com/watch?v=xgI5iYmOf5Q
10681,WALL·E,2008-06-26,32.7946,8.119,20653,"[16, 10751, 878]","After hundreds of years doing what he was built for, WALL•E— a robot designed to clean up the earth—discovers a new purpose in life when he meets a sleek search robot named EVE. EVE comes to realize that WALL•E has inadvertently stumbled upon the key to the planet's future, and races back to space to report to the humans. Meanwhile, WALL•E chases EVE across the galaxy and sets into motion one of the most imaginative adventures ever brought to the big screen.",2026-08-14T07:23:49.524383,Tbr_L9Gap_M,Trailer 3,Trailer,https://www.youtube.com/watch?v=Tbr_L9Gap_M
1101412,Fall 2: Deadpoint,2026-09-02,28.725,0.0,0,[53],"On a perilous climb across Thailand's Mount Kwan, two climbers become trapped thousands of feet above the ground, where vertigo-inducing heights, sheer exposure, and impossible odds turn every moment into a fight for survival.",2026-08-14T07:23:49.524386,Krs0VDIjhmE,Official Trailer 2,Trailer,https://www.youtube.com/watch?v=Krs0VDIjhmE
1266127,Ready or Not: Here I Come,2026-03-19,27.4715,7.589,1467,"[27, 35]","Moments after surviving an all-out attack from the Le Domas family, Grace discovers she’s reached the next level of the nightmarish game — and this time with her estranged sister Faith at her side. Grace has one chance to survive, keep her sister alive, and claim the High Seat of the Council that controls the world. Four rival families are hunting her for the throne, and whoever wins rules it all.",2026-08-14T07:23:49.524390,jczr0KCloXk,Official Trailer 2,Trailer,https://www.youtube.com/watch?v=jczr0KCloXk
1491920,Kung Fu Soccer,2026-07-11,32.103,5.85,20,"[18, 35, 28]","The ""Supreme Invincible Cup"" is about to begin, and a host of top teams are about to engage in an unprecedented showdown! But the Kung Fu Women's Soccer Team has been dealt a hellish script right from the start?! Their opponents are all highly skilled, and external pressure is mounting. The schemes on the field are one after another... Can they use their kung fu to turn the tide on the green field?",2026-08-14T07:23:49.524393,,,,
1240889,Teenage Sex and Death at Camp Miasma,2026-08-06,24.6526,7.5,15,"[35, 27, 10749]","After years of slapdash sequels and waning fandom, the Camp Miasma slasher franchise is handed over to an enthusiastic young director for resurrection. But when she visits the original's star, a now-reclusive actress shrouded in mystery, the two women fall into a blood-soaked world of desire, fear, and delirium.",2026-08-14T07:23:49.524396,j9TsiTgYZGw,Official Vertical Trailer,Trailer,https://www.youtube.com/watch?v=j9TsiTgYZGw
280,Terminator 2: Judgment Day,1991-07-03,25.632,8.161,14631,"[28, 53, 878]","Ten years after the events of the original, a reprogrammed T-800 is sent back in time to protect young John Connor from the shape-shifting T-1000. Together with his mother Sarah, he fights to stop Skynet from triggering a nuclear apocalypse.",2026-08-14T07:23:49.524400,lwSysg9o7wE,New Trailer -  Official (2015),Trailer,https://www.youtube.com/watch?v=lwSysg9o7wE
313369,La La Land,2016-12-01,23.4236,7.896,18336,"[35, 18, 10749]","Mia, an aspiring actress, serves lattes to movie stars in between auditions and Sebastian, a jazz musician, scrapes by playing cocktail party gigs in dingy bars, but as success mounts they are faced with decisions that begin to fray the fragile fabric of their love affair, and the dreams they worked so hard to maintain in each other threaten to rip them apart.",2026-08-14T07:23:49.524403,_oBwwSXdO_E,Official Trailer - Dolby Screening Event,Trailer,https://www.youtube.com/watch?v=_oBwwSXdO_E
1433367,One Night Only,2026-07-28,24.1343,6.8,22,"[35, 10749]",Two love-starved strangers crash into each other on the one night of the year when single people are allowed to have sex.,2026-08-14T07:23:49.524406,AvKoSR3O4NQ,Official Trailer,Trailer,https://www.youtube.com/watch?v=AvKoSR3O4NQ
1541560,Stop! That! Train!,2026-06-12,25.7781,5.269,39,"[28, 35]","Best friends and train stewardesses Tess and DeeDee trade their dreary shifts on the Stank Rail for the glitzy Glamazonian Express. However, when a catastrophic Stormaganza threatens to crash the high-speed train into Celebration, Florida, the duo in coach must join forces with the snobby first-class attendants, a hot but dimwitted co-conductor, and fabulous US President Judy Gagwell to save the day.",2026-08-14T07:23:49.524410,yx2YuoAnwlQ,Official Trailer,Trailer,https://www.youtube.com/watch?v=yx2YuoAnwlQ
1058424,Hope,2026-07-15,20.8557,8.1,21,"[878, 9648, 28]","In the remote South Korean village of Hope Harbor, police chief Bum-seok and officer Sung-ae are called to investigate a mysterious creature wreaking havoc on the community. But all is not as it seems, and perceptions can be misleading. What begins as ignorance plants the seed of disaster, escalating through human conflict into a tragedy of cosmic proportions.",2026-08-14T07:23:49.524414,mYRc2Gl7geY,Official Trailer [Subtitled],Trailer,https://www.youtube.com/watch?v=mYRc2Gl7geY
920,Cars,2006-06-08,21.6387,7.045,15356,"[16, 12, 35, 10751]","Lightning McQueen, a hotshot rookie race car driven to succeed, discovers that life is about the journey, not the finish line, when he finds himself unexpectedly detoured in the sleepy Route 66 town of Radiator Springs. On route across the country to the big Piston Cup Championship in California to compete against two seasoned pros, McQueen gets to know the town's offbeat characters.",2026-08-14T07:23:49.524417,bOs0p2E4sZw,Trailer #1,Trailer,https://www.youtube.com/watch?v=bOs0p2E4sZw
1279493,The Get Out,2026-06-18,25.1369,6.3,54,"[28, 53]","A nightclub owner is on the verge of leaving his dangerous past behind for retirement with his girlfriend. When masked gunmen rob him and he finds himself squeezed by ruthless cartels, a mysterious newcomer arrives with an interest in buying the business. With danger closing in from all sides, he must navigate a deadly web of deception, power, and survival  -  where escape may no longer be an option.",2026-08-14T07:23:49.524421,oB6HNuKxLmo,The Get Out | Official Trailer (HD) | Vertical,Trailer,https://www.youtube.com/watch?v=oB6HNuKxLmo
1321008,Black Box,2026-06-25,20.0636,6.241,58,"[27, 53]","A routine domestic flight turns into the flight from hell through a series of inexplicable phenomena and raw terror. Surreal encounters blur the boundaries between reality and nightmare. Passengers fight against all the odds in an attempt to survive while combating bizarre technological malfunctions, accelerating supernatural events and alien influences.",2026-08-14T07:23:49.524424,y-nf8hUFd98,Official Trailer,Trailer,https://www.youtube.com/watch?v=y-nf8hUFd98
1241436,Warfare,2025-04-09,17.9759,7.071,1558,"[10752, 28]","A platoon of Navy SEALs embarks on a dangerous mission in Ramadi, Iraq, with the chaos and brotherhood of war retold through their memories of the event.",2026-08-14T07:23:49.524428,JER0Fkyy3tw,Official Trailer,Trailer,https://www.youtube.com/watch?v=JER0Fkyy3tw
1671548,Dear You,2026-04-30,18.6633,9.193,44,"[18, 10751, 35]","Xiaowei travels to Thailand to find his ""billionaire grandfather"" who is out of contact due to debt problems, but unexpectedly find the one who has been corresponding with his grandmother for years is not her husband.",2026-08-14T07:23:49.524431,kDPgu6Hxgaw,International Trailer [Subtitled],Trailer,https://www.youtube.com/watch?v=kDPgu6Hxgaw
1470130,The Mortuary Assistant,2026-02-13,19.1718,5.398,132,"[27, 9648]","Rebecca Owens, a recent mortuary science graduate takes a night shift job at River Fields Mortuary. Initially, the job seems straightforward — embalming bodies, completing paperwork, and keeping things tidy. But once Rebecca starts working the night shift, things take a dark turn.",2026-08-14T07:23:49.833816,YtY6JoPX5MU,Official Trailer,Trailer,https://www.youtube.com/watch?v=YtY6JoPX5MU
1329016,Tony,2026-08-07,18.9226,7.591,11,"[18, 35]","A 19-year-old Anthony Bourdain travels to Provincetown and stumbles into the chaotic world of a restaurant kitchen, setting off a summer that will shape the course of his life.",2026-08-14T07:23:49.833829,k1MVnzd2aVc,Official Trailer,Trailer,https://www.youtube.com/watch?v=k1MVnzd2aVc
1318413,Pressure,2026-05-25,18.2351,7.78,279,"[53, 36, 10752]","In the tense 72 hours before D-Day, and the fate of the free world hanging in the balance, General Dwight D. Eisenhower and Captain James Stagg face an impossible choice—launch the largest and most dangerous seaborne invasion in history or risk losing the war altogether.",2026-08-14T07:23:49.833835,urSij5ZVhBc,Official US Trailer,Trailer,https://www.youtube.com/watch?v=urSij5ZVhBc
1246049,Dracula,2025-07-30,17.8584,7.233,1412,"[27, 14, 10749]","In late 15th-century Eastern Europe, Prince Vlad II’s bride is brutally murdered. As a result, he renounces God and damns Heaven itself. Cursed with eternal life, Vlad is reborn as Dracula, an immortal warlord who defies fate in a blood-soaked crusade to wrench his lost love back from death.",2026-08-14T07:23:49.833839,hverb7siYJ8,Official US Trailer,Trailer,https://www.youtube.com/watch?v=hverb7siYJ8
1291595,Insidious: Out of the Further,2026-08-19,17.6923,0.0,0,"[27, 53]","Gemma, a young mother raising her daughter in the house she grew up in, discovers she can travel into The Further, where she possesses an ability to bring what lives there back to the real world.",2026-08-14T07:23:49.833844,jxU8FU3o75A,Official Trailer,Trailer,https://www.youtube.com/watch?v=jxU8FU3o75A
1232569,Pinocchio: Unstrung,2026-07-22,17.5577,8.452,21,"[27, 14, 9648]","Influenced by a sinister Cricket and created by Geppetto, Pinocchio launches a violent crusade to carve himself into a real boy like his brother James, one piece at a time.",2026-08-14T07:23:49.833848,_VHIU9dIAWQ,Official Trailer,Trailer,https://www.youtube.com/watch?v=_VHIU9dIAWQ
1204680,Coyote vs. Acme,2026-08-20,17.2931,0.0,0,"[35, 12, 10751]","After Acme products fail him one too many times in his dogged pursuit of the Roadrunner, Wile E. Coyote decides to hire a billboard lawyer to sue the Acme Corporation.",2026-08-14T07:23:49.833852,H-43VeYGiPM,Official Trailer,Trailer,https://www.youtube.com/watch?v=H-43VeYGiPM
1545621,Detective Conan: Fallen Angel of the Highway,2026-04-10,17.2291,7.786,14,"[16, 28, 9648, 80]","When a string of deadly highway incidents begin, Conan Edogawa's investigations point towards an orchestrated plot rather than mere accidents. As he uncovers a conspiracy involving hidden identities and advanced technology, the case escalates into a high-speed race against time to stop a calculating mastermind before more lives are lost.",2026-08-14T07:23:49.833856,qgn49U52AU0,UK Official Trailer [Subtitled],Trailer,https://www.youtube.com/watch?v=qgn49U52AU0
1288445,Mutiny,2026-08-19,16.824,0.0,0,"[28, 53]","After witnessing his billionaire boss' murder and being framed for the crime, Cole Reed boards a cargo ship on a one-man crusade to avenge his boss' death only to discover an international conspiracy.",2026-08-14T07:23:49.833860,2Iqvbe98Gb4,Official UK Trailer,Trailer,https://www.youtube.com/watch?v=2Iqvbe98Gb4
1476682,Gail Daughtry and the Celebrity Sex Pass,2026-07-09,16.0072,5.778,9,[35],"Small-town Kansas hairdresser Gail Daughtry's fiancé uses his 'celebrity sex pass' on Jennifer Aniston, prompting Gail to travel to LA with her friend Otto to find her own pass, Jon Hamm, to even the score.",2026-08-14T07:23:49.833864,GEbaLieo_Kw,Official Trailer,Trailer,https://www.youtube.com/watch?v=GEbaLieo_Kw
1167307,David,2025-12-14,15.7219,8.0,176,"[16, 10751, 18, 36, 12]","From the songs of his mother’s heart to the whispers of a faithful God, David’s story begins in quiet devotion. When the giant Goliath rises to terrorize a nation, a young shepherd armed with only a sling, a few stones, and unshakable faith steps forward. Pursued by power and driven by purpose, his journey tests the limits of loyalty, love, and courage—culminating in a battle not just for a crown, but for the soul of a kingdom.",2026-08-14T07:23:49.833868,uv9V3dk98PM,Official Trailer,Trailer,https://www.youtube.com/watch?v=uv9V3dk98PM
1502135,Secret File,2026-08-28,15.5393,0.0,0,"[18, 9648]","A secret archive documenting the earliest revolutionary work of the Chinese Communist Party—the ""Central Archives""—was successfully protected through the resilience and sacrifices of its guardians (both Party members and non-members) amid the turmoil and bloodshed from 1931 to 1949.",2026-08-14T07:23:49.833872,,,,
1288059,I Want Your Sex,2026-07-29,14.9472,6.1,14,[35],"When fresh-faced Elliot lands an exciting job for renowned artist, icon and provocateur Erika Tracy, his fantasies come true as Erika taps him to become her sexual muse. But Elliot soon finds himself out of his depth as Erika takes him on a journey more profound than he ever could have imagined, into a world of sex, obsession, power, betrayal and murder.",2026-08-14T07:23:49.833876,q5oWCPS3akw,Official Trailer (4K),Trailer,https://www.youtube.com/watch?v=q5oWCPS3akw
1397485,Girls Like Girls,2026-06-18,14.9331,7.1,29,"[10749, 18]","Coley, 17, from rural Oregon, navigates intimacy after her mother's passing. Meeting Sonya sparks new feelings, but self-doubt hinders their connection. Sonya, unfamiliar with dating girls, is uncertain. They learn to embrace emotions.",2026-08-14T07:23:49.833880,ZC1kEknG2ro,Official Trailer,Trailer,https://www.youtube.com/watch?v=ZC1kEknG2ro
87513,Motor City,2026-07-23,14.4969,6.063,16,"[28, 53, 80]","In 1970s Detroit, John Miller falls for a local gangster's girl and lands in prison for a crime he didn't commit. With his life ruined, Miller plots revenge against the man who took his girl away.",2026-08-14T07:23:49.833885,t6RklhKu9os,Official Trailer,Trailer,https://www.youtube.com/watch?v=t6RklhKu9os
149,Akira,1988-06-10,14.4203,7.938,4894,"[16, 878, 28]",A secret military project endangers Neo-Tokyo when it turns a biker gang member into a rampaging psychic psychopath that only two teenagers and a group of psychics can stop.,2026-08-14T07:23:49.833889,Jq4ER-P6NCQ,AKIRA returns in 4K to UK cinemas 17th April,Trailer,https://www.youtube.com/watch?v=Jq4ER-P6NCQ
1116201,Iron Lung,2026-01-30,14.3997,6.9,385,"[27, 9648, 878]","In a post-apocalyptic future where an event known as ""The Quiet Rapture"" caused all known stars and habitable planets in the universe to disappear, a convict is sent to search an ocean of blood discovered on a desolate moon, using a small submarine nicknamed the ""Iron Lung"".",2026-08-14T07:23:49.833893,7qRf_f_bbUk,Official Trailer,Trailer,https://www.youtube.com/watch?v=7qRf_f_bbUk
1656018,Michael Jackson: A Life in Music,2026-08-29,14.3119,0.0,0,"[10402, 99]","The legendary journey of Michael Jackson, from his early days with the Jackson 5 to his breakthrough albums and live concerts.",2026-08-14T07:23:49.833897,,,,
1384216,The Dog Stars,2026-08-26,14.2849,0.0,0,"[12, 878, 53]","After the world's population has been ravaged by a pandemic, a man lives a lonesome existence in a Colorado airplane hangar with his dog and a dour gunman he has befriended. When a mysterious transmission comes through on the radio while he’s flying his old Cessna, it sparks a hunt for the provenance of the sound.",2026-08-14T07:23:49.833901,-xSxaE1ClEE,Official Trailer,Trailer,https://www.youtube.com/watch?v=-xSxaE1ClEE
1284016,Power Ballad,2026-05-18,13.6927,7.08,88,"[35, 10402, 18]","When Rick, a past-his-prime wedding singer, meets fading boy-band star Danny during a gig, the two bond over music and a late-night jam session. But when Danny turns one of Rick’s songs into the hit that reignites his career, Rick sets out to reclaim the recognition he believes he deserves - even if it means risking everything he cares about.",2026-08-14T07:23:49.833905,-faiHUsbP_U,Official International Trailer,Trailer,https://www.youtube.com/watch?v=-faiHUsbP_U
16859,Kiki's Delivery Service,1989-07-29,12.1162,7.84,4666,"[16, 10751, 14]","A young witch, on her mandatory year of independent life, finds fitting into a new community difficult while she supports herself by running an air courier service.",2026-08-14T07:23:50.150380,nu4OX6RKeLY,4K Remaster Official Trailer,Trailer,https://www.youtube.com/watch?v=nu4OX6RKeLY
1633056,All Wishes Come True!,2026-07-10,9.1638,8.1,16,"[35, 16, 14, 12]","Eight grassroot mortals use their street smarts and hilarious schemes to defy powerful gods, earning their title as the Eight Immortals.",2026-08-14T07:23:50.150391,qG1bOK12phI,International Ultimate Trailer [Subtitled],Trailer,https://www.youtube.com/watch?v=qG1bOK12phI
1330421,Bone Lake,2025-10-02,11.2067,5.892,226,"[27, 9648, 53]","A couple’s romantic vacation at a secluded lakeside estate is upended when they are forced to share the mansion with a mysterious and attractive couple. In this darkly hilarious and seductive horror story, a dream getaway spirals into a nightmarish maze of sex, lies, and manipulation, bringing terrifying secrets to light and triggering a bloody battle for survival.",2026-08-14T07:23:50.150396,mQy7BuW-R6c,Official Trailer,Trailer,https://www.youtube.com/watch?v=mQy7BuW-R6c
414419,Kill Bill: The Whole Bloody Affair,2011-03-27,12.7159,8.113,1379,"[28, 80]","A former assassin, known simply as The Bride, wakes from a coma four years after her jealous ex-lover Bill attempts to murder her on her wedding day. Fueled by an insatiable desire for revenge, she vows to get even with every person who contributed to the loss of her unborn child, her entire wedding party, and four years of her life.  After devising a hit list, The Bride sets off on her quest, enduring unspeakable injury and unscrupulous enemies.",2026-08-14T07:23:50.150400,qbUz68h9BFo,Official Trailer,Trailer,https://www.youtube.com/watch?v=qbUz68h9BFo
1213243,Toxic: A Fairy Tale For Grown-ups,2026-08-25,11.7511,0.0,0,"[28, 80, 18]","As Portuguese rule crumbles in Goa, Raya rises through betrayal and bloodshed to claim the city’s underworld, only to learn that power always demands a price.",2026-08-14T07:23:50.150404,,,,
1437939,Cocorico 2,2026-04-08,10.313,5.121,33,[35],DNA tests before Alice and François's wedding reveal their fathers - an aristocrat and car dealer - aren't as French as they thought.,2026-08-14T07:23:50.150408,cIlv1HQAc14,"COCORICO 2 Bande Annonce (2026) Christian Clavier, Didier Bourdon",Trailer,https://www.youtube.com/watch?v=cIlv1HQAc14
842675,The Wandering Earth II,2023-01-22,9.6471,7.308,744,"[878, 28, 12]","Humans built huge engines on the surface of the earth to find a new home. But the road to the universe is perilous. In order to save earth, young people once again have to step forward to start a race against time for life and death.",2026-08-14T07:23:50.150412,8ZIfInUTiIg,Official International Trailer,Trailer,https://www.youtube.com/watch?v=8ZIfInUTiIg
1541125,Make Zhonghe Great Again,2026-07-24,10.485,7.0,1,"[35, 18]","After encountering a standout colleague from a company event, Liu Ben, a section chief at Zhonghe Group's branch, embarks on a quirky professional journey with him, uncovering their true self-worth through chaotic workplace challenges.",2026-08-14T07:23:50.150415,,,,
1401778,Turbulence,2025-11-26,8.8632,6.48,171,"[53, 28, 12, 18, 14]","Young married couple Zach and Emmy decide to take a hot air balloon trip across the Italian Dolomites to rekindle their relationship. When they and pilot Harry are joined by a third passenger, Julia, events unfold in ways they could never imagine five thousand meters in the air.",2026-08-14T07:23:50.150419,qbJt-u9L7cA,Official UK Trailer,Trailer,https://www.youtube.com/watch?v=qbJt-u9L7cA
1217584,Torrente for President,2026-03-13,9.218,6.1,139,[35],"Years have passed since his last adventure, but José Luis Torrente, the most politically incorrect former cop in Spain, still sees himself as a national hero.",2026-08-14T07:23:50.150423,,,,
41498,One Piece Film: Strong World,2009-12-12,7.2236,7.431,407,"[16, 14, 12]","20 years after his escape from Impel Down, the legendary pirate Shiki, the Golden Lion, reappears causing massive upheaval to the Marines. During his long seclusion, he was able to come up with a scheme to bring the World Government to his knees. On his way to execute the plan, Shiki crosses paths with the Straw Hat Pirates and becomes so impressed with Nami's knowledge of meteorology that he abducts her to forcedly enlist her into his crew. Luffy and the gang end up on a strange land populated with monstrous beasts as they desperately search for Shiki and Nami.",2026-08-14T07:23:50.150426,3n58UPvcD7I,Official Trailer,Trailer,https://www.youtube.com/watch?v=3n58UPvcD7I
1287322,Christy,2025-10-27,8.8233,7.1,214,"[36, 18]","Christy Martin never imagined life beyond her small-town roots in West Virginia—until she discovered a knack for punching people. Fueled by grit, raw determination, and an unshakable desire to win, she charges into the world of boxing under the guidance of her trainer and manager-turned-husband, Jim. But while Christy flaunts a fiery persona in the ring, her toughest battles unfold outside it—confronting family, identity, and a relationship that just might become life-or-death.",2026-08-14T07:23:50.150430,hSHwFDPfeV8,Official Trailer,Trailer,https://www.youtube.com/watch?v=hSHwFDPfeV8
964849,Nightborn,2026-07-01,8.243,6.232,28,[27],"In Finnish forest, Saga and her husband Jon embark on a new chapter as parents. But Saga's joy is overshadowed by a chilling suspicion about their newborn, unbeknownst to Jon, causing a rift as she alone grapples with the disturbing truth.",2026-08-14T07:23:50.150433,dWePsu_Kd9c,Official Trailer,Trailer,https://www.youtube.com/watch?v=dWePsu_Kd9c
1497970,Tom and Jerry: Forbidden Compass,2025-08-02,9.4424,6.5,52,"[16, 35, 10751, 14, 12]","During a chase inside a museum, Tom and Jerry find an ancient magical compass and end up being transported through time. Lost in a distant era, they will need to work together to find a way back home.",2026-08-14T07:23:50.150437,VBPlpfK6zXg,Official Trailer,Trailer,https://www.youtube.com/watch?v=VBPlpfK6zXg
4946,The Swimming Pool,1969-01-31,7.8757,6.976,575,"[18, 53]","Set in a magnificent villa near a sun-drenched St. Tropez, lovers Jean-Paul and Marianne are spending a happy, lazy summer holiday. Their only concern is to gratify their mutual passion - until the day when Marianne invites her former lover and his beautiful teenage daughter to spend a few days with them. From the first moment, a certain uneasiness and tension begin to develop between the four, which soon escalates in a dangerous love-game.",2026-08-14T07:23:50.150440,Y0H1TAbHykE,La piscine | 4K restoration | Official trailer | Lumière,Trailer,https://www.youtube.com/watch?v=Y0H1TAbHykE
1302904,Practical Magic 2,2026-09-09,8.4844,0.0,0,"[14, 18, 35]",The Owens sisters must confront the dark curse that threatens to unravel their family once and for all.,2026-08-14T07:23:50.150444,Ho10_4IX1jE,Official Trailer,Trailer,https://www.youtube.com/watch?v=Ho10_4IX1jE
1586876,Chiikawa the Movie: The Secret of the Mermaid Island,2026-07-24,8.4884,7.25,4,"[16, 10751, 12, 14]","Chiikawa and friends set off on a whimsical summer adventure to a mysterious island said to hide a long-lost mermaid secret. What starts as a fun getaway quickly turns into a heartwarming journey filled with surprises, gentle thrills, and adorable chaos. With sparkling seas, strange legends, and unforgettable encounters, the trio learns about courage, friendship, and the magic hidden in small moments.",2026-08-14T07:23:50.150447,,,,
1341138,Spa Weekend,2026-08-20,8.5753,0.0,0,[35],"Three friends go on a spa weekend that descends into chaos when their trainwreck friend joins, leading to hilarious consequences.",2026-08-14T07:23:50.150451,9p7j3UvpEQQ,Official Trailer,Trailer,https://www.youtube.com/watch?v=9p7j3UvpEQQ
1433568,The Rope Curse 4: Kuntilanak,2026-08-27,8.9213,0.0,0,"[53, 9648, 27]","A forbidden exorcism is livestreamed in Indonesia, awakening the legendary female spirit Kuntilanak. What begins as an online spectacle quickly turns deadly. In Taiwan, Mila watches the ritual—and becomes the curse’s first victim. Soon, mysterious deaths and violent possessions follow. When Yulan collapses and is found to have lost part of her soul, it becomes clear that this is not an isolated incident, but a transnational curse. Seeking answers, Mila’s son returns her ashes to Indonesia, hoping to uncover the truth behind her death. Instead, he steps into a nightmare rooted in ancient folklore and unresolved hatred. As supernatural violence escalates, the group realizes that once Kuntilanak is summoned, the curse will not stop—until it claims everything in its path.",2026-08-14T07:23:50.150455,,,,
1140521,The Magic Faraway Tree,2026-03-26,8.8378,6.2,53,"[12, 10751, 14]","A modern family relocates to the countryside where the children discover a magical tree with eccentric residents. They're transported to fantastical lands, rekindling their family bond through adventures.",2026-08-14T07:23:50.150459,PAUEwUhAjzg,Official Trailer,Trailer,https://www.youtube.com/watch?v=PAUEwUhAjzg
1266800,The Desert Child,2026-04-08,7.5886,7.632,19,"[12, 10751]","14-year-old Sun has written and successfully published a story based on an incredible story told by her late grandfather about a wild child called Hadara, who is saved by a group of ostriches when he becomes separated from his family in a storm, and is then raised in the desert amid a host of wild animals, including his best friend, a desert fox. When Sun is invited to travel to the Sahara by a local community who has heard about her book, she meets Kharouba, a Nomad girl of her own age, and realizes there may be much more to Hadara than just a character in a bedtime story.",2026-08-14T07:23:50.467380,SnpewAcDAzs,Desert Child Trailer,Trailer,https://www.youtube.com/watch?v=SnpewAcDAzs
539745,Animal Farm,2026-04-30,7.6554,6.333,105,"[16, 35, 18, 10751, 878]","A group of farm animals rise up against their neglectful owner, dreaming of equality and freedom. But as the pigs take control, the revolution turns into tyranny, with truth rewritten and dissent crushed.",2026-08-14T07:23:50.467392,X1b6_699HqY,Official UK Trailer 2,Trailer,https://www.youtube.com/watch?v=X1b6_699HqY
1145899,Marsupilami,2026-02-04,8.4975,6.367,150,"[12, 35]","David is tasked to deliver a mysterious package from South America, only to find out he is carrying a baby Marsupilami!",2026-08-14T07:23:50.467397,pXGuY9qcSe0,Official Trailer,Trailer,https://www.youtube.com/watch?v=pXGuY9qcSe0
1088548,Bitter Christmas,2026-03-20,6.2432,6.3,119,"[18, 35]","In 2025 Spain, a celebrated film director struggles to write the screenplay for an autofictional film set in 2004 Spain about an unsuccessful movie director turned director of commercials who suffers a panic attack that forces her to take a break by visiting the Canary Islands, where she begins work on a new film.",2026-08-14T07:23:50.467401,7PgPkSpuYpY,Official US Teaser [Subtitled],Trailer,https://www.youtube.com/watch?v=7PgPkSpuYpY
1455079,"You, Me & Tuscany",2026-04-09,7.906,7.397,102,"[10749, 35]","When a woman crashes at an empty Italian villa, posing as the owner's fiancée, she discovers an unexpected romance that could transform her life.",2026-08-14T07:23:50.467404,uYTMroh8pjI,Official UK Trailer,Trailer,https://www.youtube.com/watch?v=uYTMroh8pjI
1280015,Sunny Dancer,2026-08-12,7.642,9.0,1,"[18, 35]","Ivy is a teenager in remission from cancer, whose mum and dad insist she attend Children Run Free Camp, a summer retreat for young adults affected by cancer. However, as Ivy is reluctantly dragged through camp experience, she discovers new feelings with new friends.",2026-08-14T07:23:50.467407,UQxRhHK_Bmw,Official Trailer,Trailer,https://www.youtube.com/watch?v=UQxRhHK_Bmw
9327,The Nutty Professor,1996-06-28,7.6634,5.6,3171,"[35, 878, 10749]","When beautiful Carla Purty joins the university faculty, genetic professor Dr. Sherman Klump grows desperate to whittle his 400-pound frame down to size and win her heart. So, with one swig of his experimental fat-reducing serum, Sherman becomes 'Buddy Love', a fast-talking, pumped-up, plumped down Don Juan.",2026-08-14T07:23:50.467411,FFVbS0qm0TI,The Nutty Professor - Trailer,Trailer,https://www.youtube.com/watch?v=FFVbS0qm0TI
1316427,7 Dogs,2026-05-27,10.2801,6.1,13,"[28, 35]",Interpol agent Khalid Al-Azzazi joins forces with Ghali Abu Dawood from the 7 Dogs crime syndicate to fight drug trafficking.,2026-08-14T07:23:50.467414,Kki2D_5l5bM,Official Trailer [Subtitled],Trailer,https://www.youtube.com/watch?v=Kki2D_5l5bM
1586876,Chiikawa the Movie: The Secret of the Mermaid Island,2026-07-24,8.4884,7.25,4,"[16, 10751, 12, 14]","Chiikawa and friends set off on a whimsical summer adventure to a mysterious island said to hide a long-lost mermaid secret. What starts as a fun getaway quickly turns into a heartwarming journey filled with surprises, gentle thrills, and adorable chaos. With sparkling seas, strange legends, and unforgettable encounters, the trio learns about courage, friendship, and the magic hidden in small moments.",2026-08-14T07:23:50.467417,,,,
1263012,Dead Man's Wire,2026-01-09,7.6726,6.4,198,"[80, 18, 53]","In 1977, former real estate developer Tony Kiritsis puts a dead man's switch on himself and the mortgage banker who did him wrong, demanding $5 million and a personal apology.",2026-08-14T07:23:50.467421,aHAwgnJL78Y,Official Trailer,Trailer,https://www.youtube.com/watch?v=aHAwgnJL78Y
1424965,Ice Skater,2026-08-20,7.2528,0.0,0,"[18, 53]","A survival drama about an ice skater stranded on an ice floe at the Arctic Sea. When the ice floe starts to float towards south and melt, the ice skater must use all means necessary to survive.",2026-08-14T07:23:50.467424,ShXeLbwaZLw,Trailer,Trailer,https://www.youtube.com/watch?v=ShXeLbwaZLw
1092936,The Holy Boy,2025-09-17,5.9321,6.857,157,"[27, 53, 18]","A PE teacher moves to a isolated mountain village where the people appear to live in unshakeable serenity, but soon stumbles across a disturbing ritual. Once a week, the locals are freed of their pain by a lonely boy born with the power to heal one's soul just by hugging them. Trying to rescue him from this madness, the man unleashes his dark side.",2026-08-14T07:23:50.467427,I1efDwrKCh8,The Holy Boy | Official Trailer,Trailer,https://www.youtube.com/watch?v=I1efDwrKCh8
1168719,Silent Friend,2026-01-15,6.7222,7.1,43,[18],"In the heart of a botanical garden in a medieval university town in Germany stands a majestic ginkgo tree. This silent witness has observed over a century the quiet rhythms of transformation across three human lives. At three distinct moments across the 20th and 21st centuries, these people — each carrying their own questions and inner struggles — inevitably find themselves drawn into the presence of this tree, full of mystery and meaning.",2026-08-14T07:23:50.467430,TaRZnpAmtJk,Official US Trailer [Subtitled],Trailer,https://www.youtube.com/watch?v=TaRZnpAmtJk
1165366,De Gaulle: Résistance,2026-06-03,6.7824,7.8,169,"[36, 18]","June, 1940. France collapses and signs the armistice. In the midst of the chaos, one man refuses to give up. Alone against the odds, this unknown general flees to London to save what remains of freedom.",2026-08-14T07:23:50.467444,cvMHOrYgYSw,De Gaulle: Resistance - Trailer,Trailer,https://www.youtube.com/watch?v=cvMHOrYgYSw
1440098,Drawn Together,2026-09-09,6.9586,0.0,0,"[10749, 18, 53]","Marfil Cortés, a daughter of a wealthy Spanish businessman, is kidnapped and released, leading her father to hire Sebastian Moore as a bodyguard. Despite initial clashes, they form an irremediable attraction, navigating a world where no one is who they say they are.",2026-08-14T07:23:50.467448,WlGzP8FvsfY,Official Trailer [Subtitled],Trailer,https://www.youtube.com/watch?v=WlGzP8FvsfY
1432474,Nimrods,2026-08-06,8.2512,6.667,6,"[35, 10402]","Three friends journey from Kansas City to Los Angeles, mistakenly believing that their band is opening for Green Day on New Year’s Eve.",2026-08-14T07:23:50.467451,5mtbOhpqroo,Official Trailer,Trailer,https://www.youtube.com/watch?v=5mtbOhpqroo
1061798,Jim Queen,2026-06-17,6.395,7.925,80,"[16, 35]","When Heterosis - a mysterious virus that turns gay men straight sweeps through the Parisian gay scene, Jim, the six packed sovereign of the Gym Queens, goes from Pride royalty to social outcast. With only Lucien, a freshly-out twink with more heart than abs, still by his side, Jim must race to find a cure before the disease erases the community that once worshipped him.",2026-08-14T07:23:50.467460,CHof1Bc8oeM,Official Trailer [Subtitled],Trailer,https://www.youtube.com/watch?v=CHof1Bc8oeM
1339588,Finding Emily,2026-05-21,6.2391,6.897,35,"[10749, 35]","When a lovesick musician is given the wrong number for his dream girl, he teams up with a driven psychology student to find her. Together, they spark a hilarious campus-wide frenzy that tests their own hearts and ambitions along the way.",2026-08-14T07:23:50.467463,-OGuJf70S0s,Official Trailer,Trailer,https://www.youtube.com/watch?v=-OGuJf70S0s
1124142,The Rivals of Amziah King,2026-08-13,7.2864,9.667,3,"[80, 18, 53]","Amziah King, beekeeper, musician, and anchor of his community, reunites with former foster daughter Kateri after many years apart, and fends off threats to his honey business.",2026-08-14T07:23:50.467467,GwSvAyaMGMo,Official Trailer,Trailer,https://www.youtube.com/watch?v=GwSvAyaMGMo
822653,Puella Magi Madoka Magica the Movie -Walpurgisnacht: Rising-,2026-08-28,6.2622,0.0,0,"[16, 18, 9648, 14]","After the events of Rebellion, the world appears to be in balance—but that peace is fragile. As a new threat connected to Walpurgisnacht emerges, Homura Akemi is forced to face the consequences of her choices and question how far she is willing to go to protect Madoka.",2026-08-14T07:23:50.467470,g0CsWEIb6D4,Official Trailer 3 [Subtitled],Trailer,https://www.youtube.com/watch?v=g0CsWEIb6D4
