tmdb_id,title,release_date,popularity,vote_average,vote_count,genre_ids,overview,fetched_at
300000,My Little Pony: A New Generation,2021-12-01,55.89,7.0,4903,[18],"Equestria's divided. But a bright-eyed hero believes Earth Ponies, Pegasi and Unicorns should be pals — and, hoof to heart, she’s determined to prove it.",2026-05-17T17:01:53.121371
300001,The Starling,2021-12-01,305.17,6.1,8527,[18],A woman adjusting to life after a loss contends with a feisty bird that's taken over her garden — and a husband who's struggling to find a way forward.,2026-05-17T17:01:53.124224
300002,Je Suis Karl,2021-12-01,347.17,5.2,5473,[18],"After most of her family is murdered in a terrorist bombing, a young woman is unknowingly lured into joining the very group that killed them.",2026-05-17T17:01:53.124807
300003,Confessions of an Invisible Girl,2021-12-01,129.61,7.7,912,[18],"When the clever but socially-awkward Tetê joins a new school, she'll do anything to fit in. But the queen bee among her classmates has other ideas.",2026-05-17T17:01:53.127311
300004,Intrusion,2021-12-01,141.28,5.4,2783,[18],"After a deadly home invasion at a couple’s new dream house, the traumatized wife searches for answers — and learns the real danger is just beginning.",2026-05-17T17:01:53.128080
300005,Go! Go! Cory Carson: Chrissy Takes the Wheel,2021-12-01,114.1,5.0,3945,[18],"From arcade games to sled days and hiccup cures, Cory Carson’s curious little sister Chrissy speeds off on her own for fun and adventure all over town!",2026-05-17T17:01:53.131441
300006,Ankahi Kahaniya,2021-12-01,293.92,5.5,5366,[18],"As big city life buzzes around them, lonely souls discover surprising sources of connection and companionship in three tales of love, loss and longing.",2026-05-17T17:01:53.131863
300007,The Father Who Moves Mountains,2021-12-01,20.41,6.1,3473,[18],"When his son goes missing during a snowy hike in the mountains, a retired intelligence officer will stop at nothing — and risk everything — to find him.",2026-05-17T17:01:53.132209
300008,The Stronghold,2021-12-01,312.16,7.6,3709,[18],"Tired of the small-time grind, three Marseille cops get a chance to bust a major drug network. But lines blur when a key informant makes a big ask.",2026-05-17T17:01:53.132457
300009,My Heroes Were Cowboys,2021-12-01,73.09,7.5,5208,[18],"Robin Wiltshire's painful childhood was rescued by Westerns. Now he lives on the frontier of his dreams, training the horses he loves for the big screen.",2026-05-17T17:01:53.132698
300010,Nightbooks,2021-12-01,1.29,8.4,1365,[18],Scary story fan Alex must tell a spine-tingling tale every night — or stay trapped with his new friend in a wicked witch's magical apartment forever.,2026-05-17T17:01:53.143935
300011,Schumacher,2021-12-01,57.3,4.7,5093,[18],"Through exclusive interviews and archival footage, this documentary traces an intimate portrait of seven-time Formula 1 champion Michael Schumacher.",2026-05-17T17:01:53.144362
300012,A StoryBots Space Adventure,2021-12-01,119.29,6.9,5993,[18],Join the StoryBots and the space travelers of the historic Inspiration4 mission as they search for answers to kids' questions about space.,2026-05-17T17:01:53.144575
300013,You vs. Wild: Out Cold,2021-12-01,135.24,7.7,1317,[18],"After a plane crash leaves Bear with amnesia, he must make choices to save the missing pilot and survive in this high-stakes interactive adventure.",2026-05-17T17:01:53.144727
300014,Little Singham - Black Shadow,2021-12-01,97.28,8.2,6698,[18],Kid cop Little Singham loses all his superpowers while trying to stop the demon Kaal’s new evil plans! Can his inner strength help him defeat the enemy?,2026-05-17T17:01:53.144859
300015,Tughlaq Durbar (Telugu),2021-12-01,93.9,5.8,4936,[18],A budding politician has devious plans to rise in the ranks — until an unexpected new presence begins to interfere with his every crooked move.,2026-05-17T17:01:53.145066
300016,Firedrake the Silver Dragon,2021-12-01,167.75,3.9,4598,[18],"When his home is threatened by humans, a young dragon summons the courage to seek a mythical paradise where dragons can live in peace and fly free.",2026-05-17T17:01:53.145247
300017,Kate,2021-12-01,134.22,7.5,2450,[18],"Slipped a fatal poison on her final job, a ruthless assassin working in Tokyo has less than 24 hours to find out who ordered the hit and exact revenge.",2026-05-17T17:01:53.145477
300018,Prey,2021-12-01,270.44,8.3,8240,[18],A hiking trip into the wild turns into a desperate bid for survival for five friends on the run from a mysterious shooter.,2026-05-17T17:01:53.147962
300019,Blood Brothers: Malcolm X & Muhammad Ali,2021-12-01,238.15,6.1,818,[18],"From a chance meeting to a tragic fallout, Malcolm X and Muhammad Ali's extraordinary bond cracks under the weight of distrust and shifting ideals.",2026-05-17T17:01:53.148137
300020,The Women and the Murderer,2021-12-01,57.87,4.9,6011,[18],This documentary traces the capture of serial killer Guy Georges through the tireless work of two women: a police chief and a victim's mother.,2026-05-17T17:01:53.148307
300021,JJ+E,2021-12-01,52.99,7.4,5442,[18],"Elisabeth and John-John live in the same city, but they inhabit different worlds. Can a passionate first love break through class and cultural barriers?",2026-05-17T17:01:53.148466
300022,Untold: Breaking Point,2021-12-01,30.38,8.6,1839,[18],"Under pressure to continue a winning tradition in American tennis, Mardy Fish faced mental health challenges that changed his life on and off the court.",2026-05-17T17:01:53.148738
300023,Worth,2021-12-01,140.99,4.5,8259,[18],"In the wake of the Sept. 11 attacks, a lawyer faces an emotional reckoning as he attempts to put a dollar value on the lives lost. Based on real events.",2026-05-17T17:01:53.148970
300024,Afterlife of the Party,2021-12-01,42.02,6.3,5403,[18],Cassie lives to party... until she dies in a freak accident. Now this social butterfly needs to right her wrongs on Earth if she wants to earn her wings.,2026-05-17T17:01:53.149352
300025,Final Account,2021-12-01,438.28,5.6,4091,[18],This documentary stitches together never-before-seen interviews with the last living generation of people who participated in Hitler's Third Reich.,2026-05-17T17:01:53.149501
300026,Barbie Big City Big Dreams,2021-12-01,10.77,7.4,1930,[18],"At a summer performing arts program in New York City, Barbie from Malibu meets Barbie from Brooklyn, and the two become fast friends.",2026-05-17T17:01:53.155351
300027,Untold: Crime & Penalties,2021-12-01,418.23,4.9,7716,[18],"They were the bad boys of hockey — a team bought by a man with mob ties, run by his 17-year-old son, and with a rep for being as violent as they were good.",2026-05-17T17:01:53.155692
300028,Thimmarusu,2021-12-01,23.88,7.6,526,[18],"Eight years after a young man is framed for murder, an up-and-coming lawyer re-opens the case, beginning a tricky mission to find the real culprit.",2026-05-17T17:01:53.155977
300029,He's All That,2021-12-01,260.4,3.8,10508,[18],"An influencer specializing in makeovers bets she can transform an unpopular classmate into prom king in this remake of the teen classic ""She's All That.""",2026-05-17T17:01:53.156272
300030,SAS: Rise of the Black Swan,2021-12-01,94.19,7.4,2303,[18],"A special forces operative traveling from London to Paris with his girlfriend takes action when armed, ruthless mercenaries seize control of their train.",2026-05-17T17:01:53.156508
300031,"Bob Ross: Happy Accidents, Betrayal & Greed",2021-12-01,22.62,6.6,5666,[18],Bob Ross brought joy to millions as the world’s most famous art instructor. But a battle for his business empire cast a shadow over his happy trees.,2026-05-17T17:01:53.163023
300032,The River Runner,2021-12-01,358.63,4.3,7411,[18],"In this documentary, a kayaker sets out to become the first man to paddle the four great rivers that flow from Tibet's sacred Mount Kailash.",2026-05-17T17:01:53.163274
300033,The Water Man,2021-12-01,285.33,6.0,7461,[18],"Desperate to save his ailing mother, 11-year-old Gunner runs away from home on a quest to find a mythic figure rumored to have the power to cheat death.",2026-05-17T17:01:53.163471
300034,Count Me In,2021-12-01,196.86,8.5,2803,[18],This documentary features some of rock's greatest drummers as they come together in an inspiring rhythmic journey about the power of human connection.,2026-05-17T17:01:53.172217
300035,Untold: Caitlyn Jenner,2021-12-01,246.49,5.7,6910,[18],Caitlyn Jenner's unlikely path to Olympic glory was inspirational. But her more challenging road to embracing her true self proved even more meaningful.,2026-05-17T17:01:53.172521
300036,Boomika,2021-12-01,149.73,6.0,2423,[18],"Paranormal activity at a lush, abandoned property alarms a group eager to redevelop the site, but the eerie events may not be as unearthly as they think.",2026-05-17T17:01:53.173106
300037,Boomika (Hindi),2021-12-01,54.24,5.6,9695,[18],"Paranormal activity at a lush, abandoned property alarms a group eager to redevelop the site, but the eerie events may not be as unearthly as they think.",2026-05-17T17:01:53.173398
300038,Boomika (Malayalam),2021-12-01,47.78,6.5,3044,[18],"Paranormal activity at a lush, abandoned property alarms a group eager to redevelop the site, but the eerie events may not be as unearthly as they think.",2026-05-17T17:01:53.173677
300039,Boomika (Telugu),2021-12-01,113.27,9.2,4285,[18],"Paranormal activity at a lush, abandoned property alarms a group eager to redevelop the site, but the eerie events may not be as unearthly as they think.",2026-05-17T17:01:53.173836
300040,The Witcher: Nightmare of the Wolf,2021-12-01,193.61,6.7,8696,[18],"Escaping from poverty to become a witcher, Vesemir slays monsters for coin and glory, but when a new menace rises, he must face the demons of his past.",2026-05-17T17:01:53.173954
300041,Man in Love,2021-12-01,71.97,4.8,1548,[18],"When he meets a debt-ridden woman who's caring for her ailing father, a debt collector with a heart of gold sets out to win her love.",2026-05-17T17:01:53.174065
300042,Sweet Girl,2021-12-01,131.09,3.8,2927,[18],"He lost the love of his life to a pharmaceutical company's greed. Now his daughter is without a mother, and he's without justice. For now.",2026-05-17T17:01:53.174230
300043,The Loud House Movie,2021-12-01,58.97,8.0,3258,[18],"With his parents and all 10 sisters in tow, Lincoln Loud heads to Scotland and learns that royalty runs in the family in this global musical journey!",2026-05-17T17:01:53.174400
300044,Black Island,2021-12-01,66.04,5.4,3457,[18],The dark secrets of a seemingly peaceful island threaten to swallow up an orphaned student when he grows close to a mysterious new teacher.,2026-05-17T17:01:53.174529
300045,Memories of a Murderer: The Nilsen Tapes,2021-12-01,283.96,8.3,3527,[18],Serial killer Dennis Nilsen narrates his life and horrific crimes via a series of chilling audiotapes recorded from his jail cell.,2026-05-17T17:01:53.180898
300046,The Secret Diary of an Exchange Student,2021-12-01,40.75,6.5,6508,[18],"Looking to shake things up, two best friends embark on a life-changing adventure abroad as exchange students. But can they stay out of trouble?",2026-05-17T17:01:53.181242
300047,Untold: Deal With the Devil,2021-12-01,197.95,3.9,1195,[18],"Christy Martin broke boundaries and noses as she rose in the boxing world, but her public persona belied personal demons, abuse and a threat on her life.",2026-05-17T17:01:53.181596
300048,Beckett,2021-12-01,364.22,6.5,8933,[18],An American tourist goes on the run in Greece after a tragic accident plunges him into a political conspiracy that makes him a target for assassination.,2026-05-17T17:01:53.181896
300049,Lokillo: Nothing's the Same,2021-12-01,395.39,5.8,807,[35],"Through songs and puns, comedian Lokillo Florez hilariously reviews how Latin Americans have adjusted to a new world where no-hugging policies prevail.",2026-05-17T17:01:53.182040
300050,Monster Hunter: Legends of the Guild,2021-12-01,125.8,8.0,942,[18],"In a world where humans and fearsome monsters live in an uneasy balance, young hunter Aiden fights to save his village from destruction by a dragon.",2026-05-17T17:01:53.182149
300051,Misha and the Wolves,2021-12-01,212.12,4.4,2236,[18],"As a little girl, she escaped the Holocaust and lived among wolves. Or did she? An extraordinary story elicits sympathy — then draws scrutiny.",2026-05-17T17:01:53.182286
300052,The Kissing Booth 3,2021-12-01,169.74,6.8,4353,[18],"Determined to make the most of her final summer before college, Elle plans the ultimate bucket list as she navigates what comes next with Noah and Lee.",2026-05-17T17:01:53.182407
300053,Untold: Malice at the Palace,2021-12-01,71.88,6.0,11920,[18],"Key figures from an infamous 2004 incident between players and fans at an NBA game in Michigan discuss the fight, its fallout and its lasting legacy.",2026-05-17T17:01:53.184455
300054,Slay,2021-12-01,25.5,5.8,6952,[18],"In pursuit of both success and validation, a group of tech-savvy individuals juggle intimate encounters, first impressions and romantic opportunities.",2026-05-17T17:01:53.184819
300055,The Paper Tigers,2021-12-01,238.95,4.6,3211,[18],"After reuniting as middle-aged men, three kung-fu prodigies must set their differences aside and dust off their skills to avenge their beloved mentor.",2026-05-17T17:01:53.184985
300056,The Swarm,2021-12-01,333.47,6.7,6313,[18],"A single mother breeds locusts as high-protein food, but has trouble getting them to reproduce — until she finds they have a taste for blood.",2026-05-17T17:01:53.185096
300057,Vivo,2021-12-01,189.39,7.2,1727,[18],A music-loving kinkajou embarks on the journey of a lifetime to fulfill his destiny and deliver a love song for an old friend.,2026-05-17T17:01:53.185238
300058,Lady Boss: The Jackie Collins Story,2021-12-01,209.69,8.0,2353,[18],"""Queen of Sleaze"" or feminist pioneer? Powerhouse novelist Jackie Collins created a brash sex-positive persona while hiding her private struggles.",2026-05-17T17:01:53.185421
300059,Aftermath,2021-12-01,133.72,5.9,4554,[18],"Desperate to save their marriage, a young couple takes a deal and moves into their dream home, but disturbing events reveal the house's troubled history.",2026-05-17T17:01:53.185598
300060,Pray Away,2021-12-01,163.59,6.8,7795,[18],"Ex-leaders and a survivor of the so-called ""conversion therapy"" movement speak out about its harm to the LGBTQ+ community and its devastating persistence.",2026-05-17T17:01:53.185771
300061,Shiny_Flakes: The Teenage Drug Lord,2021-12-01,1.13,7.4,1557,[18],"Max S. reveals how he built a drug empire from his childhood bedroom in this story that inspired the series ""How to Sell Drugs Online (Fast).""",2026-05-17T17:01:53.185934
300062,I missed you: Director's Cut,2021-12-01,185.39,4.8,2910,[18],A workaholic reconnects with two men she blocked on social media five years ago and begins to reflect on her past life choices.,2026-05-17T17:01:53.186051
300063,The Vault,2021-12-01,32.68,3.7,1919,[18],A genius engineer and his crew of amateur thieves plot a scheme to seize a legendary lost treasure hidden in a fortress beneath the Bank of Spain.,2026-05-17T17:01:53.186181
300064,Rurouni Kenshin: The Beginning,2021-12-01,323.45,6.0,575,[18],"Before he was a protector, Kenshin was a fearsome assassin known as Battosai. But when he meets the gentle Tomoe Yukishiro, his story begins to change.",2026-05-17T17:01:53.186328
300065,The Last Mercenary,2021-12-01,447.28,7.5,3486,[18],A legendary secret agent-turned-mercenary comes out of hiding to save the son he's never met. Learning how to be a dad may be his toughest mission yet.,2026-05-17T17:01:53.186486
300066,Resort to Love,2021-12-01,178.75,5.2,3633,[18],"Reeling from a broken heart and career meltdown, a singer takes a gig at a swanky island resort — where her ex-fiancé happens to be getting married.",2026-05-17T17:01:53.191005
300067,Bartkowiak,2021-12-01,166.8,4.1,3162,[18],"After his brother dies in a car crash, a disgraced MMA fighter takes over the family nightclub — and soon learns his sibling's death wasn’t an accident.",2026-05-17T17:01:53.191469
300068,Hostage House,2021-12-01,36.39,6.6,4821,[18],"A realtor and her daughter get taken captive by two fugitive criminals during an open house, forcing her to find creative ways to ensure their survival.",2026-05-17T17:01:53.193242
300069,Mimi,2021-12-01,29.94,5.6,1441,[18],"An aspiring actress in a small town agrees to bear a child for a visiting couple seeking a surrogate mother, but her experience takes unexpected turns.",2026-05-17T17:01:53.194726
300070,A Second Chance:  Rivals!,2021-12-01,87.95,6.2,2221,[18],"Crushed when she doesn't qualify for the Olympics, a now-grown Maddy Cornell finds new purpose coaching young gymnasts going up against a rival team.",2026-05-17T17:01:53.195256
300071,African America,2021-12-01,85.23,4.9,5290,[18],A disgruntled South African woman leaves her fiancé and embezzles money from her job to pursue her dream of being a Broadway star in New York City.,2026-05-17T17:01:53.195522
300072,Bankrolled,2021-12-01,197.35,5.2,4760,[18],Two directionless millennial bros get high and pitch a bold new social justice app that raises millions. Then they have to come up with the app.,2026-05-17T17:01:53.195760
300073,Blood Red Sky,2021-12-01,47.78,6.2,4729,[18],"When a group of terrorists hijacks an overnight transatlantic flight, a mysteriously ill woman must unleash a monstrous secret to protect her young son.",2026-05-17T17:01:53.195895
300074,Kingdom: Ashin of the North,2021-12-01,446.51,4.1,3291,[18],"Tragedy, betrayal and a mysterious discovery fuel a woman's vengeance for the loss of her tribe and family in this special episode of ""Kingdom.""",2026-05-17T17:01:53.196010
300075,The Last Letter From Your Lover,2021-12-01,240.32,5.0,2340,[18],"After finding a trove of love letters from 1965, a reporter sets out to solve the mystery of a secret affair — while embarking on a romance of her own.",2026-05-17T17:01:53.196130
300076,9to5: The Story of a Movement,2021-12-01,443.36,6.0,342,[18],"In this documentary, female office workers in '70s Boston inspire change with a call for better pay, more opportunities and an end to sexual harassment.",2026-05-17T17:01:53.196319
300077,Cousins,2021-12-01,444.83,4.2,10168,[18],"Separated as children, three cousins with an unshakeable bond confront their painful pasts and embark on an emotional journey to find each other.",2026-05-17T17:01:53.196492
300078,Words Bubble Up Like Soda Pop,2021-12-01,136.62,4.2,3700,[18],"After meeting one bright, sunny day, a shy boy who expresses himself through haiku and a bubbly but self-conscious girl share a brief, magical summer.",2026-05-17T17:01:53.199010
300079,Trollhunters: Rise of the Titans,2021-12-01,250.57,5.5,1913,[18],"Heroes from ""Trollhunters,"" ""3Below"" and ""Wizards"" join forces to fight a shadowy enemy threatening to take over their worlds — and reset Earth itself.",2026-05-17T17:01:53.199242
300080,The Tambour of Retribution,2021-12-01,287.38,6.9,3640,[18],"In an impoverished neighborhood, the son of a swordsman falls in love with the daughter of a wedding singer — a taboo match in a traditional society.",2026-05-17T17:01:53.199372
300081,Cosmic Sin,2021-12-01,60.19,7.8,663,[18],"In the year 2524, a disgraced retired general is called back into combat to help prevent an interstellar war against a hostile alien fleet.",2026-05-17T17:01:53.199509
300082,Deep,2021-12-01,70.0,5.2,4962,[18],Four insomniac med school students are lured into a neuroscience experiment that spirals out of control — and must find a way out before it’s too late.,2026-05-17T17:01:53.199695
300083,Fear Street Part 3: 1666,2021-12-01,187.37,5.0,2671,[18],"Thrust back to 1666, Deena learns the truth about Sarah Fier. Back in 1994, the friends fight for their lives — and Shadyside’s future.",2026-05-17T17:01:53.199871
300084,A Perfect Fit,2021-12-01,129.15,2.9,2784,[18],"Sparks fly when a fashion blogger in Bali meets a gifted shoemaker, leading her to question her commitment to her fiancé.",2026-05-17T17:01:53.204454
300085,Emicida: AmarElo - Live in São Paulo,2021-12-01,400.45,5.6,7162,[18],"Brazilian rapper Emicida brings his progressive rhymes and eclectic beats to São Paulo's Theatro Municipal as he performs hits from the album ""AmarElo.""",2026-05-17T17:01:53.204918
300086,Lift Like a Girl,2021-12-01,5.53,5.6,10663,[18],"With the guidance of her relentless coach, a teen weightlifter emerges from a scrappy training camp in Egypt to compete at the championship level.",2026-05-17T17:01:53.205143
300087,My Amanda,2021-12-01,7.92,4.9,9074,[18],"Two unusually close friends share every aspect of their lives together. As their lives evolve, their bond remains the only constant.",2026-05-17T17:01:53.205428
300088,A Classic Horror Story,2021-12-01,50.98,8.9,1077,[18],"In this gruesome suspense film, strangers traveling in southern Italy become stranded in the woods, where they must fight desperately to get out alive.",2026-05-17T17:01:53.205661
300089,Gunpowder Milkshake,2021-12-01,123.21,8.2,5584,[18],"When an assassin veers off mission to rescue a child, she triggers a war with a powerful crime syndicate — and reunites a gun-wielding sisterhood.",2026-05-17T17:01:53.205871
300090,Private Network: Who Killed Manuel Buendía?,2021-12-01,202.4,6.8,5138,[18],A deep dive into the work of renowned Mexican journalist Manuel Buendía looks to unravel his murder and the ties between politics and drug trafficking.,2026-05-17T17:01:53.206066
300091,The Guide to the Perfect Family,2021-12-01,80.15,7.2,3296,[18],"A couple in Québec deals with the pitfalls, pressure and high expectations of raising kids in a society obsessed with success and social media image.",2026-05-17T17:01:53.206269
300092,Bridgerton - The Afterparty,2021-12-01,2.44,6.5,436,[18],"""Bridgerton"" cast members share behind-the-scenes stories from the hit show, plus comedian Nikki Glaser breaks down the costume drama's sexiest moments.",2026-05-17T17:01:53.206457
300093,Day of Destiny,2021-12-01,232.21,7.4,10022,[18],"With their family facing financial woes, two teen brothers seize an opportunity to reverse their bad fortunes by traveling 20 years back in time.",2026-05-17T17:01:53.211504
300094,Fear Street Part 2: 1978,2021-12-01,326.82,7.0,3122,[18],"In the cursed town of Shadyside, a killer's murder spree terrorizes Camp Nightwing and turns a summer of fun into a gruesome fight for survival.",2026-05-17T17:01:53.211884
300095,How I Became a Superhero,2021-12-01,55.45,6.4,6313,[18],"In a world where humans and superheroes coexist, a lone wolf cop teams up with a bright detective to dismantle a dark plot to extract superpowers.",2026-05-17T17:01:53.212094
300096,Last Summer,2021-12-01,149.99,5.7,4339,[18],"During summer vacation in a beachside town, 16-year-old Deniz seeks the affection of his childhood crush and navigates a love triangle.",2026-05-17T17:01:53.212384
300097,Lee Su-geun: The Sense Coach,2021-12-01,162.26,3.9,3720,[35],"Lee Su-geun's rise to Korean comedy stardom went hand in hand with his mastery over picking up social cues. Now, he's ready to share his know-hows.",2026-05-17T17:01:53.212663
300098,Lethal Love,2021-12-01,197.4,7.2,5785,[18],"After a business owner starts receiving online threats, doubts and paranoia creep in when she reconnects with a former flame and meets a new client.",2026-05-17T17:01:53.212988
300099,Major Grom: Plague Doctor,2021-12-01,72.66,4.8,5793,[18],"When a masked vigilante’s killing spree throws a city into chaos, a renegade detective and his rookie partner are the only ones who can stop it.",2026-05-17T17:01:53.213113
300100,This Little Love Of Mine,2021-12-01,161.09,8.6,2787,[18],A workaholic lawyer returns to her island home to convince an old friend to take over his family’s company — but rekindled feelings soon get in the way.,2026-05-17T17:01:53.213268
300101,Fear Street Part 1: 1994,2021-12-01,303.03,8.2,1759,[18],"After a series of brutal slayings, a teen and her friends take on an evil force that's plagued their notorious town for centuries. Welcome to Shadyside.",2026-05-17T17:01:53.213385
300102,Haseen Dillruba,2021-12-01,99.73,6.5,4009,[18],"Under investigation as a suspect in her husband’s murder, a wife reveals details of their thorny marriage that seem to only further blur the truth.",2026-05-17T17:01:53.213488
300103,The 8th Night,2021-12-01,437.15,5.5,4906,[18],"With prayer beads in one hand and an ax in the other, a monk hunts down a millennia-old spirit that's possessing humans and unleashing hell on Earth.",2026-05-17T17:01:53.218244
300104,Audible,2021-12-01,95.45,5.5,4925,[18],"Shaken by a friend's suicide, a Deaf high school football player copes with family and relationships while anticipating his final homecoming game.",2026-05-17T17:01:53.218598
300105,Dynasty Warriors,2021-12-01,165.04,7.0,7867,[18],"Warlords, warriors and statesmen wage a battle for supremacy in this fantasy tale based on the hit video games and the ""Romance of the Three Kingdoms.""",2026-05-17T17:01:53.220104
300106,Mobile Suit Gundam Hathaway,2021-12-01,37.16,7.8,356,[18],"After Char’s rebellion, Hathaway Noa leads an insurgency against Earth Federation, but meeting an enemy officer and a mysterious woman alters his fate.",2026-05-17T17:01:53.220351
300107,America: The Motion Picture,2021-12-01,149.96,4.3,2355,[18],A chainsaw-wielding George Washington teams with beer-loving bro Sam Adams to take down the Brits in a tongue-in-cheek riff on the American Revolution.,2026-05-17T17:01:53.220519
300108,Mommy Issues,2021-12-01,217.93,5.8,3121,[18],Close quarters and new romances add trouble to the rocky relationship between a high-strung young woman and her demanding mother.,2026-05-17T17:01:53.220768
300109,Prime Time,2021-12-01,200.98,7.6,1265,[18],"On New Year’s Eve 1999, an armed man enters a TV studio during a broadcast, takes the host hostage and makes one demand: to give a message live on air.",2026-05-17T17:01:53.221027
300110,The Ice Road,2021-12-01,172.47,6.6,3408,[18],"To save a team of miners trapped underground, a down-on-his-luck ice road trucker joins a mission across treacherous terrain to deliver rescue equipment.",2026-05-17T17:01:53.221232
300111,Sisters on Track,2021-12-01,189.4,4.1,1123,[18],Three track star sisters face obstacles in life and in competition as they pursue Junior Olympic dreams in this extraordinary coming of age journey.,2026-05-17T17:01:53.221395
300112,The Seventh Day,2021-12-01,22.43,9.0,479,[18],An inexperienced priest teams up with a hardened exorcist to stop the demonic possession of a young boy. But darkness lies where they least expect it.,2026-05-17T17:01:53.225592
300113,Good on Paper,2021-12-01,148.83,7.4,8711,[18],"After years of putting her career first, a stand-up comic meets a guy who seems perfect: smart, nice, successful... and possibly too good to be true.",2026-05-17T17:01:53.225998
300114,Murder by the Coast,2021-12-01,36.67,5.6,2368,[18],"In 1999, teen Rocío Wanninkhof is murdered. Her mother's ex-partner, Dolores Vázquez, is suspected. Did she do it? A second victim reveals the truth.",2026-05-17T17:01:53.226279
300115,The House of Flowers: The Movie,2021-12-01,59.22,6.5,1861,[18],The De La Mora siblings concoct a mischievous plan to break into their old family home to retrieve a hidden treasure of significant importance.,2026-05-17T17:01:53.226505
300116,A Family,2021-12-01,197.2,8.9,4685,[18],"Taken in by the yakuza at a young age, Kenji swears allegiance to his old-school boss, pledging to adhere to the family code amid ever-changing times.",2026-05-17T17:01:53.226753
300117,Fatherhood,2021-12-01,131.03,4.9,5532,[18],"A widowed new dad copes with doubts, fears, heartache and dirty diapers as he sets out to raise his daughter on his own. Inspired by a true story.",2026-05-17T17:01:53.226964
300118,Jagame Thandhiram,2021-12-01,219.99,5.6,2545,[18],"When a clever, carefree gangster is recruited to help an overseas crime lord take down a rival, he is caught off guard by the moral dilemmas that follow.",2026-05-17T17:01:53.227138
300119,Rurouni Kenshin: The Final,2021-12-01,46.03,7.5,12009,[18],"In 1879, Kenshin and his allies face their strongest enemy yet: his former brother-in-law Enishi Yukishiro and his minions, who've vowed their revenge.",2026-05-17T17:01:53.227452
300120,Ali & Ratu Ratu Queens,2021-12-01,67.5,6.8,2880,[18],"After his father's passing, a teenager sets out for New York in search of his estranged mother and soon finds love and connection in unexpected places.",2026-05-17T17:01:53.237002
300121,Security,2021-12-01,97.04,5.7,2898,[18],"After the assault of a young woman in their seaside town, a security expert and his family get caught in a powerful riptide of secrets and lies.",2026-05-17T17:01:53.239720
300122,Headspace: Unwind Your Mind,2021-12-01,158.71,9.0,1148,[18],"Do you want to relax, meditate or sleep deeply? Personalize the experience according to your mood or mindset with this Headspace interactive special.",2026-05-17T17:01:53.239936
300123,The Reason I Jump,2021-12-01,20.27,6.0,5028,[18],The diverse experiences and emotions of five young people with autism fuel this illuminating documentary based on Naoki Higashida's bestselling memoir.,2026-05-17T17:01:53.240088
300124,The Devil Below,2021-12-01,24.2,6.3,8063,[18],"When a team of researchers tries to find out what started a fire in a coal mine, they quickly discover that the disaster is anything but natural.",2026-05-17T17:01:53.240272
300125,Bling Empire - The Afterparty,2021-12-01,41.68,6.7,519,[18],"The stars of ""Bling Empire"" discuss the show's success and play bling-themed games, then comic Joel Kim Booster makes his case for joining the cast.",2026-05-17T17:01:53.240465
300126,Cobra Kai - The Afterparty,2021-12-01,418.9,6.4,3622,[18],"Ralph Macchio, William Zabka and more from the ""Cobra Kai"" cast drop by to chat Season 3 (spoilers ahead!), followed by Bill Burr of ""F Is for Family.""",2026-05-17T17:01:53.246070
300127,To All the Boys: Always and Forever - The Afterparty,2021-12-01,8.75,6.9,4819,[18],"Cast members of the ""To All the Boys"" films dish about the third movie and answer some fan questions, plus Whitney Cummings gives suspect dating advice.",2026-05-17T17:01:53.246349
300128,Sarbath,2021-12-01,186.54,3.9,4888,[18],"When a city man returns to his native village for his brother’s wedding, several unforeseen snags make his visit more eventful than anticipated.",2026-05-17T17:01:53.246508
300129,Skater Girl,2021-12-01,255.88,3.5,3250,[18],"When a teen in rural India discovers a life-changing passion for skateboarding, she faces a rough road as she follows her dream to compete.",2026-05-17T17:01:53.246726
300130,Trese After Dark,2021-12-01,20.25,7.4,577,[18],"Stars and creators gather to discuss “Trese,” from its Filipino folklore inspirations to the comic’s beginnings and its journey to an anime series.",2026-05-17T17:01:53.248304
300131,Wish Dragon,2021-12-01,128.52,6.8,5112,[18],Determined teen Din is longing to reconnect with his childhood best friend when he meets a wish-granting dragon who shows him the magic of possibilities.,2026-05-17T17:01:53.251883
300132,Camellia Sisters,2021-12-01,150.63,6.4,4793,[18],Tensions rise and untold secrets surface for three royal sisters when a family treasure is stolen the night before an antique auction.,2026-05-17T17:01:53.252272
300133,Awake,2021-12-01,30.79,5.9,4153,[18],"After a global event wipes out humanity's ability to sleep, a troubled ex-soldier fights to save her family as society and her mind spiral into chaos.",2026-05-17T17:01:53.252486
300134,Tragic Jungle,2021-12-01,26.78,5.0,3329,[18],"To escape an arranged marriage, a woman flees into the depths of the Mayan jungle, where untamed nature merges the human and the supernatural.",2026-05-17T17:01:53.252656
300135,Kitty Love: An Homage to Cats,2021-12-01,97.02,3.4,6556,[18],"Famous feline Abatutu presents this charming celebration of cats, showcasing their finest and friskiest moments with a collection of home videos.",2026-05-17T17:01:53.252777
300136,Breaking Boundaries: The Science Of Our Planet,2021-12-01,209.31,6.5,7188,[18],David Attenborough and scientist Johan Rockström examine Earth's biodiversity collapse and how this crisis can still be averted.,2026-05-17T17:01:53.252905
300137,Sweet & Sour,2021-12-01,77.57,7.2,2486,[18],"Faced with real-world opportunities and challenges, a couple endures the highs and lows of trying to make a long-distance relationship survive.",2026-05-17T17:01:53.253016
300138,Trippin' with the Kandasamys,2021-12-01,14.79,6.2,2689,[18],"To rekindle their marriages, best friends-turned-in-laws Shanthi and Jennifer plan a couples' getaway. But it comes with all kinds of surprises.",2026-05-17T17:01:53.253128
300139,Xtreme,2021-12-01,61.14,6.9,517,[18],"In this fast-paced and action-packed thriller, a retired hitman — along with his sister and a troubled teen — takes revenge on his lethal stepbrother.",2026-05-17T17:01:53.253288
300140,Alan Saldaña: Locked Up,2021-12-01,308.64,8.7,4547,[35],"Mexican comedian Alan Saldaña is back, poking gentle fun at himself and parceling advice, especially about how to stay married and how to be parents.",2026-05-17T17:01:53.253410
300141,Dancing Queens,2021-12-01,66.96,6.5,1882,[18],"A dancer who gets a job cleaning at a struggling drag club dreams of being in the show, and her talent catches an ambitious choreographer's eye.",2026-05-17T17:01:53.253520
300142,Myriam Fares: The Journey,2021-12-01,53.98,4.6,2069,[18],"From pregnancy to album preparations, Lebanese singer and “Queen of the Stage” Myriam Fares documents her experiences with her family while in lockdown.",2026-05-17T17:01:53.255434
300143,Black Holes | The Edge of All We Know,2021-12-01,84.57,9.2,5053,[18],Follow scientists on their quest to understand and capture the first image of a black hole while exploring the limits of our knowledge of the universe.,2026-05-17T17:01:53.255896
300144,Carnaval,2021-12-01,157.65,5.1,3429,[18],"After a breakup, an influencer takes her friends on a free trip to Bahia's vibrant Carnival, where she learns life's not just about social media likes.",2026-05-17T17:01:53.256094
300145,Super Monsters: Once Upon a Rhyme,2021-12-01,82.54,4.6,6237,[18],"From Goldilocks to Hansel and Gretel, the Super Monsters reimagine classic fairy tales and favorite nursery rhymes with a musical, magical spin!",2026-05-17T17:01:53.256235
300146,Bo Burnham: Inside,2021-12-01,71.91,6.2,3833,[35],"A new comedy special shot and performed by Bo Burnham, alone, over the course of the past year.",2026-05-17T17:01:53.256355
300147,One Lagos Night,2021-12-01,141.9,3.7,4348,[18],"A desperate man attempts to burglarize the home of a wealthy woman, but finds himself face-to-face with a crew of armed robbers who have the same idea.",2026-05-17T17:01:53.256455
300148,Dog Gone Trouble,2021-12-01,40.36,6.6,5198,[18],The privileged life of a pampered dog named Trouble is turned upside-down when he gets lost and must learn to survive on the big-city streets.,2026-05-17T17:01:53.257763
300149,Blue Miracle,2021-12-01,101.16,4.9,5365,[18],"To save their cash-strapped orphanage, a guardian and his kids partner with a washed-up boat captain for a chance to win a lucrative fishing competition.",2026-05-17T17:01:53.258080
300150,Ghost Lab,2021-12-01,96.25,5.6,4455,[18],"After witnessing a haunting in their hospital, two doctors become dangerously obsessed with obtaining scientific proof that ghosts exist.",2026-05-17T17:01:53.258491
300151,Soy Rada: Serendipity,2021-12-01,200.17,7.6,4157,[35],"The delightful Argentine comic Agustín Aristarán (aka Soy Rada) is back, this time putting the spotlight on family and parenting, magic and music.",2026-05-17T17:01:53.258703
300152,Baggio: The Divine Ponytail,2021-12-01,55.11,7.3,3423,[18],"The story of Roberto Baggio, one of the best soccer players of all time, including his career highs, triumphs over injuries and discovery of Buddhism.",2026-05-17T17:01:53.258857
300153,Gatao - The Last Stray,2021-12-01,147.52,7.5,7549,[18],Romance unexpectedly blossoms when a freelance photographer arrives late to her assignment at a full moon celebration thrown for a mob boss's newborn.,2026-05-17T17:01:53.259079
300154,Nail Bomber: Manhunt,2021-12-01,209.71,5.1,7588,[18],"This documentary examines the 1999 London bombings that targeted Black, Bangladeshi and gay communities, and the race to find the far-right perpetrator.",2026-05-17T17:01:53.259246
300155,99 Songs,2021-12-01,311.98,8.0,4207,[18],"Challenged to compose 100 songs before he can marry the girl he loves, a tortured but passionate singer-songwriter embarks on a poignant musical journey.",2026-05-17T17:01:53.259406
300156,99 Songs (Tamil),2021-12-01,11.95,4.5,1788,[18],"Challenged to compose 100 songs before he can marry the girl he loves, a tortured but passionate singer-songwriter embarks on a poignant musical journey.",2026-05-17T17:01:53.266928
300157,99 Songs (Telugu),2021-12-01,244.64,7.8,1945,[18],"Challenged to compose 100 songs before he can marry the girl he loves, a tortured but passionate singer-songwriter embarks on a poignant musical journey.",2026-05-17T17:01:53.267388
300158,Army of the Dead,2021-12-01,203.12,6.5,2666,[18],"After a zombie outbreak in Las Vegas, a group of mercenaries takes the ultimate gamble by venturing into the quarantine zone for the greatest heist ever.",2026-05-17T17:01:53.267670
300159,Creating an Army of the Dead,2021-12-01,72.57,8.3,1866,[18],"Zack Snyder and his ""Army of the Dead"" team dive into the film's wild stunts, groundbreaking effects and the evolution of the zombie genre.",2026-05-17T17:01:53.267916
300160,Little Singham Future mein Satakli,2021-12-01,61.41,5.5,3750,[18],"Little Singham and his crew travel to the year 2050 to rescue kids from the evil rule of Junglee Joker, who has forbidden them from laughter or play!",2026-05-17T17:01:53.268133
300161,Amy Tan: Unintended Memoir,2021-12-01,274.55,6.9,8249,[18],"From her painful past to her successful career after ""The Joy Luck Club,"" groundbreaking writer Amy Tan shares her life story in this documentary.",2026-05-17T17:01:53.268381
300162,Sardar Ka Grandson,2021-12-01,195.22,7.7,2355,[18],"A devoted grandson’s mission to reunite his ailing grandmother with her ancestral home turns into a complicated, comic cross-border affair.",2026-05-17T17:01:53.269716
300163,Ahaan,2021-12-01,146.58,5.4,10666,[18],"Jilted by his wife, a man with OCD finds eye-opening common ground and camaraderie with his neighbor, a young man with Down Syndrome.",2026-05-17T17:01:53.270044
300164,Cinema Bandi,2021-12-01,7.43,5.6,1971,[18],A struggling rickshaw driver’s life takes a rollicking turn when he comes upon an expensive camera and decides to make a film with his fellow villagers.,2026-05-17T17:01:53.270250
300165,Ferry,2021-12-01,239.99,10.6,5523,[18],"Before he built a drug empire, Ferry Bouman returns to his hometown on a revenge mission that finds his loyalty tested — and a love that alters his life.",2026-05-17T17:01:53.270471
300166,I Am All Girls,2021-12-01,268.52,8.3,1659,[18],A relentless detective finds common ground with a killer systematically targeting the perpetrators running a powerful child-trafficking ring.,2026-05-17T17:01:53.277894
300167,Jungle Beat: The Movie,2021-12-01,123.27,4.2,7975,[18],"When a lost and lonely alien crash-lands on Earth, his new crew of talking animal friends helps him get back home — and try to save the world!",2026-05-17T17:01:53.278208
300168,The Upshaws - The Afterparty,2021-12-01,3.36,7.4,1692,[18],"The comedic dream team from ""The Upshaws"" discuss the hit series, share some anecdotes from their own upbringings and play a little swag-centric game.",2026-05-17T17:01:53.278398
300169,The Woman in the Window,2021-12-01,75.93,7.3,932,[18],"Confined to her home by agoraphobia, a psychologist becomes obsessed with her new neighbors — and solving a brutal crime she witnesses from her window.",2026-05-17T17:01:53.284063
300170,Dance of the Forty One,2021-12-01,126.16,6.0,2343,[18],A gay congressman marries the Mexican president's daughter but cavorts with a young man at a secret club. And then scandal hits. Based on a true story.,2026-05-17T17:01:53.284435
300171,Oxygen,2021-12-01,54.98,5.7,6349,[18],"After waking up in a cryogenic unit, Liz fights to survive and remember who she is before her oxygen runs out.",2026-05-17T17:01:53.284714
300172,Nayattu,2021-12-01,230.03,7.9,7919,[18],Three police officers become pawns for unscrupulous lawmakers when they are framed in an incident amid political elections and must flee to evade arrest.,2026-05-17T17:01:53.285067
300173,Super Me,2021-12-01,384.47,7.4,10763,[18],A struggling screenwriter discovers his lucrative ability to bring antiques from his dreams into the real world — but his new life soon unravels.,2026-05-17T17:01:53.285236
300174,Milestone,2021-12-01,21.8,6.9,3280,[18],"Recently marking 500,000 kilometers on the road, a newly bereaved trucker faces the threat of losing the job that has come to define him to a new intern.",2026-05-17T17:01:53.285365
300175,Monster,2021-12-01,88.82,2.6,7668,[18],A talented teen implicated in a robbery-turned-murder fights for his innocence and integrity against a criminal justice system that’s already judged him.,2026-05-17T17:01:53.285468
300176,The Circle - The Afterparty,2021-12-01,384.83,5.7,5768,[18],"Stars of ""The Circle"" drop by to discuss Season 2's big winner, some juicy behind-the-scenes gossip and their enduring friendships with one another.",2026-05-17T17:01:53.289458
300177,The Disciple,2021-12-01,57.04,4.9,6413,[18],"Self-doubt, sacrifice and struggle converge into an existential crisis for a devoted classical vocalist as the mastery he strives for remains elusive.",2026-05-17T17:01:53.293748
300178,The Mitchells vs. The Machines,2021-12-01,17.38,7.1,1006,[18],A robot apocalypse put the brakes on their cross-country road trip. Now it’s up to the Mitchells — the world’s weirdest family — to save the human race.,2026-05-17T17:01:53.294145
300179,Things Heard & Seen,2021-12-01,263.28,9.2,4536,[18],A young woman discovers that both her husband and their new home harbor sinister secrets after they leave Manhattan for small-town life.,2026-05-17T17:01:53.294376
300180,Get the Grift,2021-12-01,136.62,8.7,5280,[18],"After a botched scam, Clóvis bumps into Lohane, his estranged foster sister. In a bind, they soon realize the only way out is to band together.",2026-05-17T17:01:53.294529
300181,Shadow and Bone - The Afterparty,2021-12-01,140.71,4.4,4855,[18],"Stars of Netflix's ""Shadow and Bone"" discuss the show's epic combat scenes, answer some fan questions and play an ""Army vs. Crows"" trivia game.",2026-05-17T17:01:53.294900
300182,Heroes: Silence and Rock & Roll,2021-12-01,338.83,5.8,1767,[18],"An exploration of the rise of Héroes del Silencio, the seminal 1980s Spanish rock band. Anchored by Enrique Bunbury, they focused on a harder sound.",2026-05-17T17:01:53.295078
300183,HOMUNCULUS,2021-12-01,65.72,6.2,1271,[18],Truth and illusion blurs when a homeless amnesiac awakens from an experimental medical procedure with the ability to see people's innermost traumas.,2026-05-17T17:01:53.296825
300184,Searching For Sheela,2021-12-01,176.06,9.8,3282,[18],Journalists and fans await Ma Anand Sheela as the infamous former Rajneesh commune’s spokesperson returns to India after decades for an interview tour.,2026-05-17T17:01:53.297345
300185,Stowaway,2021-12-01,201.57,6.8,2945,[18],A three-person crew on a mission to Mars faces an impossible choice when an unplanned passenger jeopardizes the lives of everyone on board.,2026-05-17T17:01:53.299986
300186,Tell Me When,2021-12-01,29.67,7.7,4808,[18],Workaholic Will puts his humdrum life in LA on hold to fulfill his grandpa's last wish: visiting Mexico City's most iconic sights and falling in love.,2026-05-17T17:01:53.300296
300187,Ajeeb Daastaans,2021-12-01,65.68,5.8,1774,[18],Four shorts explore the surprising ways in which unexpected catalysts inflame the uncomfortable emotions simmering under fractured relationships.,2026-05-17T17:01:53.300451
300188,Arlo the Alligator Boy,2021-12-01,124.81,8.1,7632,[18],"To find the father he never knew, optimistic Arlo leaves his swampy Southern home for New York City, making friends along the way. A musical adventure.",2026-05-17T17:01:53.300611
300189,Barbie & Chelsea: The Lost Birthday,2021-12-01,47.8,3.2,2720,[18],"When Barbie’s sister Chelsea thinks her birthday has been skipped, she hunts for a magic gem on a jungle island that will grant her wish to get it back.",2026-05-17T17:01:53.300731
300190,Dad Stop Embarrassing Me - The Afterparty,2021-12-01,262.38,6.8,244,[18],"Jamie Foxx, David Alan Grier and more from the cast of the family comedy discuss the show, humiliating family moments, bad BBQ dishes and sitcom openings.",2026-05-17T17:01:53.300856
300191,Tuesdays & Fridays,2021-12-01,244.86,8.7,817,[18],"To avoid the burden of commitment, a young lawyer and a writer agree to be romantic partners only two days a week. That won’t get complicated — right?",2026-05-17T17:01:53.300969
300192,Ride or Die,2021-12-01,231.59,5.3,1755,[18],"Rei helps the woman she’s been in love with for years escape her abusive husband. While on the run, their feelings for each other catch fire.",2026-05-17T17:01:53.301097
300193,The Soul,2021-12-01,128.46,4.2,5061,[18],"While investigating the death of a businessman, a prosecutor and his wife uncover occult secrets as they face their own life-and-death dilemma.",2026-05-17T17:01:53.301251
300194,Why Did You Kill Me?,2021-12-01,168.89,4.3,7713,[18],The line between justice and revenge blurs when a devastated family uses social media to track down the people who killed 24-year-old Crystal Theobald.,2026-05-17T17:01:53.301374
300195,New Gods: Nezha Reborn,2021-12-01,7.31,7.5,7136,[18],"While living as an ordinary deliveryman and motor racing fan, Nezha encounters old nemeses and must rediscover his powers to protect his loved ones.",2026-05-17T17:01:53.301484
300196,Night in Paradise,2021-12-01,14.04,4.5,9687,[18],"Hiding out in Jeju Island following a brutal tragedy, a wronged mobster with a target on his back connects with a woman who has her own demons.",2026-05-17T17:01:53.304207
300197,Roohi,2021-12-01,76.36,5.3,4683,[18],"Hired to kidnap a bride, two bumbling pals face a wacky predicament when one falls for their abductee — and the other, for the spirit possessing her.",2026-05-17T17:01:53.304452
300198,Thunder Force,2021-12-01,296.97,5.2,2400,[18],Two childhood best friends reunite as an unlikely crime-fighting superhero duo when one invents a formula that gives ordinary people superpowers.,2026-05-17T17:01:53.304978
300199,Two Distant Strangers,2021-12-01,399.58,8.5,10675,[18],"In this Oscar-nominated short film, a man trying to go home to his dog gets stuck in a time loop that forces him to relive a deadly run-in with a cop.",2026-05-17T17:01:53.305212
300200,Dolly Parton: A MusiCares Tribute,2021-12-01,213.34,6.6,3536,[18],"In a star-studded evening of music and memories, a community of iconic performers honor Dolly Parton as the MusiCares Person of the Year.",2026-05-17T17:01:53.307438
300201,The Last Kids on Earth: Happy Apocalypse to You,2021-12-01,48.51,6.6,966,[18],"Help Jack and his monster-battling friends make choices to stay alive — and have some fun — in this interactive ""Last Kids on Earth"" adventure!",2026-05-17T17:01:53.308119
300202,Mandela,2021-12-01,118.28,9.1,9355,[18],"Amid a local election with two rivals vying to win by any means necessary, a barber lands in a curiously powerful position as the single deciding vote.",2026-05-17T17:01:53.308431
300203,Concrete Cowboy,2021-12-01,139.19,8.0,887,[18],"Sent to live with his estranged father for the summer, a rebellious teen finds kinship in a tight-knit Philadelphia community of Black cowboys.",2026-05-17T17:01:53.308726
300204,Irul,2021-12-01,32.72,5.7,974,[18],"When a car breakdown forces a couple to seek shelter in a nearby home, conversations with the stranger inside soon suggest there’s a killer among them.",2026-05-17T17:01:53.308979
300205,Just Say Yes,2021-12-01,59.42,6.0,4064,[18],Incurable romantic Lotte finds her life upended when her plans for a picture-perfect wedding unravel — just as her self-absorbed sister gets engaged.,2026-05-17T17:01:53.309120
300206,Madame Claude,2021-12-01,82.28,6.6,1063,[18],"In 1960s Paris, Madame Claude's influence extends beyond the world of sex work — until an affluent young woman threatens to change everything.",2026-05-17T17:01:53.309259
300207,Tersanjung the Movie,2021-12-01,202.92,7.9,1523,[18],"After growing up in a tumultuous household, Yura finds herself in a love triangle with two close friends as she faces a personal and financial crisis.",2026-05-17T17:01:53.309370
300208,7 Yards: The Chris Norton Story,2021-12-01,102.3,5.3,1509,[18],"The true story of former college football player Chris Norton, who defied the odds after a devastating accident — with the woman he loves by his side.",2026-05-17T17:01:53.309475
300209,Octonauts & the Ring of Fire,2021-12-01,201.79,4.6,7582,[18],"When red-hot volcanoes start a chain reaction of disasters across the ocean, the Octonauts must work together to face their biggest challenge yet.",2026-05-17T17:01:53.313331
300210,Marked,2021-12-01,203.18,8.6,3250,[18],"This documentary explores Nigeria’s cultural practice of marking, including its origins and meaning as a symbol of identity, beauty and spirituality.",2026-05-17T17:01:53.314202
300211,A Week Away,2021-12-01,202.81,6.3,7058,[18],"In this uplifting musical, a troubled teen takes a leap of faith by attending summer camp — and unexpectedly finds love, friends and a place to belong.",2026-05-17T17:01:53.314506
300212,Bad Trip,2021-12-01,209.36,7.3,3797,[18],"In this hidden-camera prank comedy, two best friends bond on a wild road trip to New York as they pull real people into their raunchy, raucous antics.",2026-05-17T17:01:53.316019
300213,Pagglait,2021-12-01,160.26,7.4,7988,[18],"Widowed soon after marriage, a young woman grapples with an inability to grieve, quirky relatives and a startling discovery about her late husband.",2026-05-17T17:01:53.316336
300214,Caught by a Wave,2021-12-01,243.84,7.3,3089,[18],"After falling in love at a sailing summer camp in Sicily, reality comes crashing down on a teenage couple when a harsh truth prompts a pivotal decision.",2026-05-17T17:01:53.320837
300215,Secret Magic Control Agency,2021-12-01,158.03,8.3,10438,[18],"Hansel and Gretel of fairy tale fame — now acting as secret agents — must use magic, clever thinking and teamwork on a mission to find a missing king.",2026-05-17T17:01:53.321310
300216,Seaspiracy,2021-12-01,123.94,4.5,4535,[18],"Passionate about ocean life, a filmmaker sets out to document the harm that humans do to marine species — and uncovers alarming global corruption.",2026-05-17T17:01:53.321483
300217,Loyiso Gola: Unlearning,2021-12-01,421.09,6.2,1947,[35],"South African comedian Loyiso Gola serves up filter-free humor as he riffs about race, identity, politics, and a school prank gone embarrassingly wrong!",2026-05-17T17:01:53.321683
300218,The Yin Yang Master,2021-12-01,50.11,7.4,1324,[18],"A feud erupts between realms, and Yin Yang master Qing Ming teams up with disgraced guard Yuan Boya to vanquish a demonic threat as a conspiracy looms.",2026-05-17T17:01:53.321910
300219,Deadly Illusions,2021-12-01,184.82,7.5,410,[18],"After a bestselling novelist suffering from writer's block hires a new nanny for her children, the line between fiction and reality starts to blur.",2026-05-17T17:01:53.322090
300220,Get the Goat,2021-12-01,127.04,7.4,3851,[18],"Two hapless cops find themselves in over their heads as they cross paths with dangerous criminals while searching for Celestina, a beloved goat mascot.",2026-05-17T17:01:53.322448
300221,Nate Bargatze: The Greatest Average American,2021-12-01,283.74,5.1,704,[35],"Nate Bargatze touches on Zoom comedy shows, losing his phone, hotel breakfast fails, animal caddies, new math and much more in this special.",2026-05-17T17:01:53.323391
300222,Operation Varsity Blues: The College Admissions Scandal,2021-12-01,190.66,4.9,2339,[18],Reenactments drive this documentary investigating the mastermind behind a scam to get the kids of rich and famous families into top US universities.,2026-05-17T17:01:53.323707
300223,RebellComedy: Straight Outta the Zoo,2021-12-01,58.81,11.6,8488,[35],"The comics of RebellComedy take the stage and tackle mistaken identities, geriatric influencers, our flawed perceptions of animals and more.",2026-05-17T17:01:53.323938
300224,C/O Kaadhal,2021-12-01,129.62,6.2,3573,[18],"Cutting across conventions and expectations, four brave love stories blossom in this Tamil remake of the 2018 Telugu film ""Care of Kancharapalem.”",2026-05-17T17:01:53.326073
300225,Paper Lives,2021-12-01,368.68,8.2,8956,[18],"In the streets of Istanbul, ailing waste warehouse worker Mehmet takes a small boy under his wing and must soon confront his own traumatic childhood.",2026-05-17T17:01:53.326352
300226,YES DAY,2021-12-01,314.91,6.3,3633,[18],A mom and dad who usually say no decide to say yes to their kids' wildest requests — with a few ground rules — on a whirlwind day of fun and adventure.,2026-05-17T17:01:53.326490
300227,Coven of Sisters,2021-12-01,0.86,7.9,4403,[18],"Basque Country, 1609. To postpone their execution, a group of women accused of witchcraft lure their inquisitor into witnessing the witches' Sabbath.",2026-05-17T17:01:53.327828
300228,Bombay Rose,2021-12-01,182.9,6.2,2610,[18],"Amidst the bustle of a magnetic and multifaceted city, the budding love between two dreamers is tested.",2026-05-17T17:01:53.328050
300229,Aelay,2021-12-01,66.35,9.1,979,[18],"A son stoically returns to his village upon his father’s death, recalling their chilly dynamic before a bizarre event disrupts his visit.",2026-05-17T17:01:53.328226
300230,Dogwashers,2021-12-01,197.25,4.4,2101,[18],"When a narco past his prime refuses to pay a debt to an upstart, only a secret stash of money can save his men. But guess what the gardener just found?",2026-05-17T17:01:53.333737
300231,Sentinelle,2021-12-01,66.68,8.7,7179,[18],"Transferred home after a traumatizing combat mission, a highly trained French soldier uses her lethal skills to hunt down the man who hurt her sister.",2026-05-17T17:01:53.334062
300232,Moxie,2021-12-01,388.48,7.7,4521,[18],"Inspired by her mom's rebellious past and a confident new friend, a shy 16-year-old publishes an anonymous zine calling out sexism at her school.",2026-05-17T17:01:53.334212
300233,Biggie: I Got a Story to Tell,2021-12-01,142.37,7.1,8788,[18],"Featuring rare footage and in-depth interviews, this documentary celebrates the life of The Notorious B.I.G. on his journey from hustler to rap king.",2026-05-17T17:01:53.340819
300234,Blanche Gardin: The All-Nighter,2021-12-01,404.1,6.5,3974,[35],"With self-deprecating humor, French comic Blanche Gardin offers stream-of-consciousness observations on environmentalism, gender relations and herself.",2026-05-17T17:01:53.341015
300235,Connected,2021-12-01,72.27,4.6,4108,[18],"Argentine DJ Hernán Cattáneo, known for his house music innovations, invites a symphonic orchestra for a four-night run at Buenos Aires' Teatro Colón.",2026-05-17T17:01:53.341141
300236,Bigfoot Family,2021-12-01,231.86,6.5,1472,[18],"Bigfoot’s now a big deal. So when he goes missing, his shy but tech-savvy teen son must take on an evil CEO to save his family and a wildlife preserve.",2026-05-17T17:01:53.341291
300237,Crazy About Her,2021-12-01,68.65,5.3,2105,[18],"After spending a wild night together, Adri discovers the only way to see Carla again is to become a patient at the psychiatric center where she resides.",2026-05-17T17:01:53.341402
300238,Ginny & Georgia - The Afterparty,2021-12-01,13.22,5.4,6341,[18],"Cast members of the hit Netflix show join the hosts to unpack the drama of Season 1, and Cristela Alonzo offers tips for being the new kid at school.",2026-05-17T17:01:53.341509
300239,The Girl on the Train,2021-12-01,254.8,5.3,1784,[18],A troubled divorcée fixates on a seemingly ideal couple from afar until a shocking observation sends her spiraling straight into a knotty murder case.,2026-05-17T17:01:53.345894
300240,Geez & Ann,2021-12-01,183.11,5.8,1057,[18],"After falling for Geez, a heartthrob at school, Ann must confront family opposition, heartache and deception as their romance struggles.",2026-05-17T17:01:53.346181
300241,Brian Regan: On the Rocks,2021-12-01,63.2,4.4,8473,[35],"Brian Regan tackles the big issues weighing on him, including aging, time, obsessive behavior, backpacks on airplanes, ungrateful horses and raisins.",2026-05-17T17:01:53.346370
300242,Pelé,2021-12-01,127.23,8.2,1456,[18],"Against the backdrop of a turbulent era in Brazil, this documentary captures Pelé’s extraordinary path from breakthrough talent to national hero.",2026-05-17T17:01:53.350695
300243,Red,2021-12-01,17.52,8.2,3725,[18],"A murder investigation leads police to a photo of a suspect, but when two men are found with faces that match the picture, the case gets doubly tricky.",2026-05-17T17:01:53.351077
300244,Fate: The Winx Saga - The Afterparty,2021-12-01,190.42,6.3,4295,[18],"Stars of the fiery hit discuss the show's magic, play trivia and chow down on hot wings. Then, Taylor Tomlinson shares how she would use fairy powers.",2026-05-17T17:01:53.351384
300245,I Care a Lot,2021-12-01,23.66,5.5,3793,[18],A court-appointed legal guardian defrauds her older clients and traps them under her care. But her latest mark comes with some unexpected baggage.,2026-05-17T17:01:53.352743
300246,Animals on the Loose: A You vs. Wild Movie,2021-12-01,70.42,7.0,2277,[18],"When wild animals escape from a sanctuary, Bear Grylls — and you — must pursue them and secure their protective habitat. An interactive special.",2026-05-17T17:01:53.353093
300247,Namaste Wahala,2021-12-01,71.65,6.3,3822,[18],An interracial romance hits humorous and heart-wrenching hiccups as the couple's parents fight tooth and nail against their relationship.,2026-05-17T17:01:53.353519
300248,Hate by Dani Rovira,2021-12-01,37.64,7.9,1192,[35],"From his hometown of Málaga, Dani Rovira reflects on human beings’ nonsensical hatred in this hilarious and unfiltered comedy special.",2026-05-17T17:01:53.356988
300249,To All The Boys: Always And Forever,2021-12-01,184.68,6.6,4384,[18],Senior year of high school takes center stage as Lara Jean returns from a family trip to Korea and considers her college plans — with and without Peter.,2026-05-17T17:01:53.357216
300250,Xico's Journey,2021-12-01,13.38,6.1,968,[18],"A girl, a dog and her best pal set out to save a mountain from a gold-hungry corporation. But the key lies closer to home, with her sidekick pup, Xico.",2026-05-17T17:01:53.357362
300251,Red Dot,2021-12-01,47.15,5.2,7927,[18],"Trying to rekindle their marriage and with a child on the way, a young couple on a ski trip suddenly finds themselves stalked by remorseless killers.",2026-05-17T17:01:53.357494
300252,Squared Love,2021-12-01,50.45,7.3,4204,[18],A celebrity journalist and renowned womanizer starts to rethink his life choices after he falls for a mysterious model who leads a double life.,2026-05-17T17:01:53.359513
300253,The Misadventures of Hedi and Cokeman,2021-12-01,170.1,7.8,1268,[18],"In Paris, two dysfunctional dealers use family ties to try to boost their small drug business in this crass comedy based on the webseries.",2026-05-17T17:01:53.361018
300254,Malcolm & Marie,2021-12-01,270.46,6.5,2339,[18],"As a filmmaker and his girlfriend return home from his movie premiere, smoldering tensions and painful revelations push them toward a romantic reckoning.",2026-05-17T17:01:53.361320
300255,Space Sweepers,2021-12-01,43.57,5.4,6894,[18],"Chasing after space debris and faraway dreams in year 2092, four misfits unearth explosive secrets during the attempted trade of a wide-eyed humanoid.",2026-05-17T17:01:53.363806
300256,"Strip Down, Rise Up",2021-12-01,21.91,8.0,953,[18],"In an effort to reclaim their bodies and lives, a group of women explore the intersections of movement and meaning in a powerful pole dancing program.",2026-05-17T17:01:53.364243
300257,The Yin-Yang Master: Dream Of Eternity,2021-12-01,16.54,6.9,1492,[18],"When a demonic serpent reawakens, the Yin-Yang Masters must solve a murder mystery and protect their realms from a dark conspiracy at the royal court.",2026-05-17T17:01:53.364493
300258,Below Zero,2021-12-01,77.61,6.4,1784,[18],"When a prisoner transfer van is attacked, the cop in charge must fight those inside and outside while dealing with a silent foe: the icy temperatures.",2026-05-17T17:01:53.364704
300259,Finding ‘Ohana,2021-12-01,389.82,7.2,3952,[18],"In Oʻahu for the summer, two siblings from Brooklyn connect with their Hawaiian heritage — and their family — on a daring quest for long-lost treasure.",2026-05-17T17:01:53.364869
300260,The Dig,2021-12-01,73.84,6.6,6075,[18],"On the eve of World War II, a British widow hires a self-taught archaeologist to dig up mysterious formations on her land, leading to a staggering find.",2026-05-17T17:01:53.365012
300261,June & Kopi,2021-12-01,547.77,6.0,1252,[18],"A street dog is taken in by a young couple, and the family pit becomes an instant accomplice as she adjusts to her new, loving home.",2026-05-17T17:01:53.365145
300262,Accomplice,2021-12-01,494.91,7.2,5746,[18],Traverse the globe with the world's top riders as they pedal through rugged terrain and majestic locations in this visual homage to the bicycle.,2026-05-17T17:01:53.365326
300263,Penguin Bloom,2021-12-01,27.6,4.5,5055,[18],"As a mom copes with the aftermath of a harrowing accident, she finds inspiration from an injured magpie taken in by her family. Based on a true story.",2026-05-17T17:01:53.365472
300264,The White Tiger,2021-12-01,385.31,6.7,4145,[18],The ambitious driver for a rich Indian family uses his wit and cunning to escape from poverty and become an entrepreneur. Based on the bestselling novel.,2026-05-17T17:01:53.369660
300265,Outside the Wire,2021-12-01,3.46,7.2,11118,[18],"In the near future, a drone pilot sent into a war zone finds himself paired with a top-secret android officer on a mission to stop a nuclear attack.",2026-05-17T17:01:53.370093
300266,Tribhanga - Tedhi Medhi Crazy,2021-12-01,62.52,5.4,5953,[18],"When her estranged mother falls into a coma, a self-made single mom grapples with regret and resentment while reflecting on their strained relationship.",2026-05-17T17:01:53.370262
300267,What Would Sophia Loren Do?,2021-12-01,14.02,3.5,2851,[18],"In this delightful short documentary, an Italian American grandmother and film buff finds strength and joy in the life of her screen idol, Sophia Loren.",2026-05-17T17:01:53.370391
300268,Wish You,2021-12-01,283.31,6.8,3386,[18],"Singing and dreaming together, a talented singer-songwriter and a same-aged keyboardist add harmony and love to each other’s lives.",2026-05-17T17:01:53.370503
300269,Chris Rock Total Blackout: The Tamborine Extended Cut,2021-12-01,235.75,10.5,3069,[35],"In this extended cut of his 2018 special, Chris Rock takes the stage for a special filled with searing observations on fatherhood, infidelity and politics.",2026-05-17T17:01:53.374917
300270,"Crack: Cocaine, Corruption & Conspiracy",2021-12-01,0.49,7.7,5640,[18],"A cheap, powerful drug emerges during a recession, igniting a moral panic fueled by racism. Explore the complex history of crack in the 1980s.",2026-05-17T17:01:53.375220
300271,Charming,2021-12-01,29.13,5.4,1157,[18],"On the eve of his 21st birthday, an adored prince must find his one, true soulmate before a spell takes away all love from his kingdom.",2026-05-17T17:01:53.375453
300272,Creating The Queen's Gambit,2021-12-01,202.44,7.3,1825,[18],"A fascinating character. Exquisite sets. A wig for every era. The stars, creators and crew reveal how the hit series about a chess prodigy came to life.",2026-05-17T17:01:53.380218
300273,Stuck Apart,2021-12-01,344.22,6.2,7008,[18],"Entrenched in a midlife crisis, Aziz seeks solace from his mundane job, lonesome friends and rowdy family while pretending to have his act together.",2026-05-17T17:01:53.380576
300274,Ratones Paranoicos: The Band that Rocked Argentina,2021-12-01,104.3,6.6,3513,[18],"The irrepressible Ratones Paranoicos, Argentina's most enduring rock band, are featured in vintage concert and backstage footage as their story's told.",2026-05-17T17:01:53.380817
300275,The Minimalists: Less Is Now,2021-12-01,87.64,6.8,1716,[18],They've built a movement out of minimalism. Longtime friends Joshua Fields Millburn and Ryan Nicodemus share how our lives can be better with less.,2026-05-17T17:01:53.381036
300276,What Happened to Mr. Cha?,2021-12-01,141.68,6.7,604,[18],"With the peak of his career long behind him, an actor clings to his past glory — until a sudden wake-up call forces him to face who he's become.",2026-05-17T17:01:53.381360
