date,AI,machine learning,ChatGPT,Bitcoin,Tesla,Netflix,Amazon,telehealth,mental health,fitness,inflation,recession,stock market,crypto
2021-05-09,5,0,0,14,6,35,87,0,2,7,13,1,22,100
2021-05-16,4,0,0,24,6,35,80,0,2,7,9,1,17,89
2021-05-23,5,0,0,17,5,34,81,0,2,8,9,1,16,58
2021-05-30,5,0,0,12,5,32,78,0,2,8,8,1,17,43
2021-06-06,5,0,0,13,5,32,78,0,2,8,9,1,15,37
2021-06-13,5,0,0,10,5,31,78,0,2,7,9,1,16,34
2021-06-20,4,0,0,12,5,33,92,0,2,8,7,1,14,34
2021-06-27,4,0,0,8,5,33,74,0,1,7,6,1,14,26
2021-07-04,4,0,0,7,5,33,76,0,1,8,6,1,15,25
2021-07-11,5,0,0,7,5,33,77,0,2,8,8,1,14,24
2021-07-18,5,0,0,8,5,33,80,0,2,7,7,1,18,24
2021-07-25,4,0,0,9,5,32,78,0,2,7,7,1,14,27
2021-08-01,4,0,0,8,5,31,76,0,2,7,6,1,13,27
2021-08-08,4,0,0,9,5,32,71,0,1,7,7,1,13,34
2021-08-15,4,0,0,8,5,33,75,0,2,7,7,1,14,34
2021-08-22,4,0,0,8,6,32,72,0,2,7,6,1,13,37
2021-08-29,4,0,0,7,5,34,76,0,2,7,7,1,13,37
2021-09-05,5,0,0,9,5,31,78,0,2,8,7,1,13,45
2021-09-12,5,0,0,7,5,30,76,0,2,7,9,1,13,39
2021-09-19,5,0,0,8,4,33,78,0,2,7,8,1,19,35
2021-09-26,5,0,0,7,5,34,76,0,2,7,8,1,16,32
2021-10-03,5,0,0,8,5,36,81,0,2,7,8,1,17,39
2021-10-10,5,0,0,9,5,36,77,0,3,7,10,1,16,39
2021-10-17,5,0,0,11,5,34,80,0,2,7,12,1,15,44
2021-10-24,5,0,0,9,8,33,81,0,2,7,12,1,14,67
2021-10-31,5,0,0,8,7,33,79,0,2,7,9,1,15,80
2021-11-07,5,0,0,9,8,33,84,0,2,7,14,1,17,75
2021-11-14,5,0,0,9,6,31,87,0,2,7,14,1,15,72
2021-11-21,5,0,0,9,6,31,98,0,2,7,10,1,18,71
2021-11-28,5,0,0,9,5,32,98,0,2,7,12,1,19,71
2021-12-05,5,0,0,9,6,32,98,0,2,6,13,1,16,56
2021-12-12,5,0,0,8,6,32,99,0,2,6,16,1,16,54
2021-12-19,5,0,0,8,6,35,88,0,1,7,10,1,19,51
2021-12-26,5,0,0,7,6,42,85,0,1,9,9,1,19,56
2022-01-02,6,0,0,10,7,44,86,0,2,9,12,1,16,71
2022-01-09,5,0,0,9,6,41,80,0,2,8,16,1,16,61
2022-01-16,5,0,0,9,5,38,81,0,2,7,14,1,22,63
2022-01-23,5,1,0,12,6,38,77,0,2,7,15,2,26,60
2022-01-30,5,0,0,9,6,41,82,0,2,8,14,1,18,56
2022-02-06,5,1,0,9,5,36,79,0,2,8,17,1,17,55
2022-02-13,6,1,0,8,6,35,78,0,2,8,15,2,19,51
2022-02-20,5,1,0,10,5,33,73,0,2,7,14,2,33,43
2022-02-27,5,1,0,9,5,34,75,0,2,7,14,2,26,42
2022-03-06,6,1,0,8,7,31,75,0,2,8,19,3,22,40
2022-03-13,6,1,0,7,6,32,74,0,2,8,16,3,19,41
2022-03-20,6,1,0,7,6,32,73,0,2,7,15,2,16,39
2022-03-27,5,1,0,7,6,30,75,0,2,7,17,3,15,45
2022-04-03,6,1,0,6,6,31,72,0,2,7,16,4,15,40
2022-04-10,6,1,0,6,6,34,77,0,2,7,19,4,18,36
2022-04-17,5,1,0,6,6,37,71,0,2,7,16,3,17,36
2022-04-24,5,1,0,6,7,33,77,0,2,7,16,5,20,35
2022-05-01,5,1,0,6,6,32,79,0,2,7,17,6,22,35
2022-05-08,5,1,0,14,6,29,77,0,2,7,21,6,27,69
2022-05-15,5,1,0,9,6,30,73,0,2,7,17,8,22,43
2022-05-22,5,1,0,7,6,31,70,0,2,7,14,6,17,34
2022-05-29,5,1,0,6,6,32,72,0,2,8,15,4,15,27
2022-06-05,6,1,0,6,6,33,77,0,2,7,22,8,15,27
2022-06-12,6,1,0,16,6,33,77,0,2,7,23,17,27,39
2022-06-19,6,1,0,12,6,33,78,0,2,7,17,12,19,29
2022-06-26,6,1,0,9,5,34,76,0,2,7,17,7,15,25
2022-07-03,5,1,0,8,5,33,80,0,2,8,16,8,13,25
2022-07-10,5,1,0,7,5,37,97,0,2,7,22,7,14,24
2022-07-17,5,1,0,7,5,36,81,0,2,7,16,5,13,25
2022-07-24,5,1,0,6,5,34,79,0,2,7,16,17,14,24
2022-07-31,6,0,0,6,5,36,79,0,2,7,17,9,14,23
2022-08-07,6,0,0,5,5,34,77,0,2,7,25,5,15,23
2022-08-14,6,0,0,6,5,35,81,0,2,7,20,4,15,25
2022-08-21,6,1,0,5,6,33,77,0,2,7,16,4,15,23
2022-08-28,6,1,0,6,5,31,80,0,2,7,15,4,15,24
2022-09-04,6,1,0,5,4,31,77,0,2,7,15,4,13,22
2022-09-11,6,1,0,5,5,30,78,0,2,7,24,4,16,24
2022-09-18,6,1,0,5,5,32,82,0,2,7,18,6,18,22
2022-09-25,6,1,0,5,5,36,81,0,2,7,18,6,19,20
2022-10-02,6,1,0,4,5,34,85,0,2,7,17,6,17,21
2022-10-09,7,1,0,4,5,35,87,0,3,6,21,8,17,21
2022-10-16,7,1,0,4,5,34,82,0,2,7,18,7,16,19
2022-10-23,7,1,0,4,5,33,81,0,2,6,17,6,16,20
2022-10-30,6,1,0,4,4,36,79,0,2,7,18,6,15,22
2022-11-06,6,1,0,8,5,31,81,0,2,7,19,6,19,36
2022-11-13,7,1,0,8,5,32,91,0,2,7,18,7,14,35
2022-11-20,7,1,0,5,4,31,97,0,2,7,13,6,13,22
2022-11-27,8,1,0,5,4,34,91,0,2,6,15,5,13,22
2022-12-04,11,1,4,4,4,36,95,0,2,6,15,5,13,20
2022-12-11,10,1,5,5,5,34,97,0,2,6,16,4,14,21
2022-12-18,9,1,3,4,6,37,87,0,1,6,12,4,14,20
2022-12-25,8,0,3,4,6,43,93,0,1,8,10,3,17,19
2023-01-01,9,1,4,4,6,43,84,0,2,10,13,4,15,19
2023-01-08,10,1,6,5,6,34,80,0,2,8,16,4,13,22
2023-01-15,10,1,8,6,7,33,80,0,2,8,15,5,14,23
2023-01-22,10,1,9,5,7,35,76,0,2,8,13,5,14,21
2023-01-29,11,1,11,5,6,34,80,0,2,8,15,4,16,23
2023-02-05,13,1,14,5,6,33,74,0,2,7,14,4,14,22
2023-02-12,12,1,14,5,6,33,73,0,2,7,16,3,13,20
2023-02-19,12,1,14,5,6,34,74,0,2,8,14,3,15,21
2023-02-26,12,1,13,4,7,30,73,0,2,7,14,3,12,19
2023-03-05,12,1,13,5,6,31,77,0,2,7,14,3,15,20
2023-03-12,13,1,14,6,5,30,72,0,2,7,15,4,19,23
2023-03-19,14,1,17,7,5,28,74,0,2,7,14,4,16,22
2023-03-26,15,1,18,6,5,29,74,0,2,7,13,4,13,21
2023-04-02,14,1,16,5,6,30,72,0,2,7,12,3,15,19
2023-04-09,17,1,18,6,5,32,76,0,2,7,14,4,13,20
2023-04-16,20,1,18,5,6,31,75,0,2,6,14,4,11,20
2023-04-23,21,1,19,5,5,30,74,0,2,7,13,3,12,19
2023-04-30,24,1,17,5,5,29,74,0,2,7,13,4,13,20
2023-05-07,23,1,18,5,5,28,72,0,2,7,14,3,12,19
2023-05-14,22,1,18,4,5,29,71,0,2,6,12,3,12,18
2023-05-21,22,1,18,4,5,32,72,0,2,7,12,5,12,17
2023-05-28,22,1,17,4,5,31,74,0,2,7,11,3,12,16
2023-06-04,21,1,16,4,6,32,76,0,2,7,11,3,12,19
2023-06-11,23,1,17,4,6,31,77,0,2,7,13,3,12,18
2023-06-18,21,1,16,5,6,32,75,0,2,7,11,3,14,18
2023-06-25,22,1,14,5,6,32,78,0,2,7,11,3,12,16
2023-07-02,22,1,14,5,6,30,82,0,2,8,10,2,13,17
2023-07-09,22,1,15,4,5,32,95,0,2,7,13,2,12,19
2023-07-16,23,1,13,5,7,32,77,0,2,7,11,2,13,18
2023-07-23,21,1,12,4,6,32,77,0,2,6,11,2,12,19
2023-07-30,21,1,13,4,5,32,76,0,2,7,11,2,14,18
2023-08-06,21,1,13,4,5,30,80,0,2,7,12,2,12,19
2023-08-13,22,1,13,5,6,29,73,0,2,7,12,3,14,19
2023-08-20,20,1,14,4,6,29,74,0,2,7,10,3,14,17
2023-08-27,20,1,15,4,6,31,74,0,2,7,11,2,13,17
2023-09-03,20,1,15,4,6,32,74,0,2,7,12,2,13,16
2023-09-10,20,1,18,4,6,29,72,0,2,6,13,2,12,16
2023-09-17,20,1,17,4,5,31,72,0,2,7,14,2,14,16
2023-09-24,22,1,18,4,5,28,72,0,2,6,12,2,14,16
2023-10-01,23,1,18,4,5,30,78,0,2,7,12,3,14,16
2023-10-08,22,1,18,4,5,30,88,0,3,6,12,2,14,15
2023-10-15,23,1,19,4,6,29,78,0,2,6,12,2,12,16
2023-10-22,22,1,20,6,5,29,77,0,2,6,11,2,14,20
2023-10-29,23,1,19,5,5,30,74,0,2,6,12,3,12,21
2023-11-05,24,1,20,5,5,29,81,0,2,7,12,2,13,22
2023-11-12,22,1,20,5,5,28,86,0,2,6,14,2,14,22
2023-11-19,25,1,20,5,5,29,97,0,2,7,11,2,13,22
2023-11-26,24,1,21,5,6,29,100,0,2,6,13,2,14,21
2023-12-03,25,1,21,7,6,29,93,0,2,6,12,2,14,27
2023-12-10,25,1,20,6,5,31,95,0,2,6,13,2,14,25
2023-12-17,22,1,17,6,6,32,88,0,1,6,11,2,15,27
2023-12-24,21,0,13,5,6,37,86,0,1,8,9,2,15,28
2023-12-31,23,0,15,7,5,39,81,0,1,9,11,2,15,29
2024-01-07,24,1,18,10,5,32,73,0,2,8,13,2,14,28
2024-01-14,27,1,18,6,5,32,72,0,2,8,12,2,17,25
2024-01-21,26,1,18,6,6,33,72,0,2,8,13,2,16,23
2024-01-28,26,1,18,5,5,33,72,0,2,8,13,2,16,24
2024-02-04,24,1,19,5,6,30,72,0,2,7,13,2,15,24
2024-02-11,26,1,19,7,5,32,66,0,2,7,16,7,15,27
2024-02-18,29,1,19,5,5,34,70,0,2,7,14,4,16,28
2024-02-25,26,1,21,10,5,33,67,0,2,7,14,2,14,37
2024-03-03,27,1,21,12,5,33,70,0,2,7,13,2,15,51
2024-03-10,28,1,21,11,5,31,66,0,2,7,14,2,14,48
2024-03-17,27,1,21,9,6,30,69,0,2,7,13,2,13,40
2024-03-24,28,1,18,8,5,33,68,0,2,7,12,2,16,39
2024-03-31,26,1,20,7,6,30,70,0,2,8,12,2,14,33
2024-04-07,27,1,20,8,6,29,68,0,2,7,15,2,15,32
2024-04-14,28,1,22,10,6,29,68,0,2,7,13,2,16,29
2024-04-21,28,1,22,7,8,30,65,0,2,7,13,2,13,26
2024-04-28,27,1,21,6,6,31,70,0,2,7,12,2,14,25
2024-05-05,27,1,21,5,6,29,70,0,2,7,12,2,12,23
2024-05-12,29,1,25,5,6,30,69,0,2,7,15,2,14,24
2024-05-19,29,1,24,6,5,29,67,0,2,7,12,2,14,26
2024-05-26,29,1,24,5,5,31,69,0,2,7,12,2,13,28
2024-06-02,30,1,26,5,5,29,68,0,2,7,11,2,17,28
2024-06-09,29,1,22,5,6,31,68,0,2,7,12,2,14,26
2024-06-16,28,1,20,4,6,29,69,0,2,7,10,1,15,25
2024-06-23,26,1,19,5,5,27,67,0,2,7,11,1,11,22
2024-06-30,26,1,19,5,6,28,69,0,2,7,9,1,13,23
2024-07-07,27,1,18,5,6,28,71,0,2,7,11,2,13,22
2024-07-14,25,1,18,6,6,29,92,0,2,7,11,1,16,26
2024-07-21,27,1,18,6,6,30,74,0,2,7,11,1,16,26
2024-07-28,28,1,19,5,5,26,68,0,2,7,11,3,17,23
2024-08-04,28,1,21,8,5,27,70,0,2,7,10,8,50,26
2024-08-11,29,1,22,5,5,28,72,0,2,7,13,2,16,22
2024-08-18,30,1,24,5,5,27,70,0,2,7,11,2,15,22
2024-08-25,31,1,27,5,5,28,70,0,2,7,11,2,13,22
2024-09-01,32,1,28,5,5,29,68,0,2,8,10,2,15,22
2024-09-08,31,1,30,4,5,27,68,0,2,7,14,2,14,21
2024-09-15,31,1,32,5,5,28,69,0,2,7,12,2,16,22
2024-09-22,33,1,35,4,5,31,70,0,2,6,11,2,13,25
2024-09-29,31,1,33,4,5,30,71,0,2,7,11,2,15,22
2024-10-06,32,1,38,4,7,30,76,0,3,7,11,2,14,22
2024-10-13,34,1,39,4,7,29,72,0,2,6,12,2,15,22
2024-10-20,33,1,40,4,7,28,67,0,2,6,11,2,14,21
2024-10-27,34,1,37,5,6,29,65,0,2,6,12,2,16,23
2024-11-03,35,1,40,8,7,27,69,0,2,6,15,2,25,29
2024-11-10,35,1,43,15,7,41,70,0,2,7,14,2,21,53
2024-11-17,39,1,44,13,7,30,78,0,2,7,12,2,16,52
2024-11-24,33,1,42,10,7,30,87,0,2,7,11,1,17,47
2024-12-01,37,1,43,12,7,29,86,0,2,6,11,2,15,66
2024-12-08,38,1,44,10,7,31,86,0,2,6,13,2,15,54
2024-12-15,35,1,37,10,7,31,80,0,2,6,11,2,19,48
2024-12-22,32,0,30,9,6,40,71,0,1,8,8,1,18,38
2024-12-29,31,0,28,8,8,42,74,0,1,10,9,1,18,40
2025-01-05,39,1,37,8,7,37,70,0,2,9,11,1,20,38
2025-01-12,36,1,38,8,6,31,66,0,2,9,13,2,17,45
2025-01-19,37,1,43,10,7,33,65,0,2,8,12,1,19,73
2025-01-26,42,1,44,8,7,31,66,0,2,8,12,2,24,43
2025-02-02,44,1,45,8,6,30,64,0,2,8,12,2,24,42
2025-02-09,41,1,45,6,7,28,61,0,2,7,14,2,17,33
2025-02-16,42,1,48,5,6,30,62,0,2,7,12,2,19,35
2025-02-23,44,1,49,8,7,28,63,0,2,8,12,2,22,37
2025-03-02,41,1,48,9,8,29,61,0,2,7,12,4,37,46
2025-03-09,40,1,48,8,14,28,61,0,2,7,13,11,39,28
2025-03-16,42,1,50,6,13,32,64,0,2,7,11,4,20,27
2025-03-23,45,1,54,5,11,29,62,0,2,7,11,3,19,25
2025-03-30,51,1,79,6,11,30,65,0,2,8,13,9,64,26
2025-04-06,44,1,64,7,10,26,62,0,2,7,13,12,93,26
2025-04-13,43,1,55,5,6,28,61,0,2,7,10,4,30,22
2025-04-20,44,1,60,5,8,29,60,0,2,8,10,4,27,24
2025-04-27,42,1,59,5,6,27,64,0,3,7,11,4,20,23
2025-05-04,43,1,60,5,6,26,62,0,2,7,9,3,20,24
2025-05-11,43,1,64,5,6,26,63,0,2,7,11,2,22,28
2025-05-18,42,1,65,7,6,28,62,0,2,7,10,2,17,27
2025-05-25,44,1,66,6,6,29,60,0,2,8,10,2,15,27
2025-06-01,45,1,67,5,8,27,65,0,3,9,9,2,15,26
2025-06-08,50,1,70,5,6,28,62,0,2,8,10,2,18,27
2025-06-15,46,1,65,5,6,27,62,0,2,8,9,2,19,24
2025-06-22,47,1,66,5,6,30,65,0,2,7,10,2,19,25
2025-06-29,52,1,62,5,6,29,64,0,2,8,10,2,18,23
2025-07-06,46,1,61,6,6,34,81,0,2,8,9,2,18,27
2025-07-13,47,1,65,8,7,31,72,0,2,8,12,2,17,41
2025-07-20,51,1,66,6,7,30,65,0,2,8,12,2,20,43
2025-07-27,48,1,66,6,7,31,69,0,2,8,16,2,27,41
2025-08-03,57,1,72,8,8,31,75,0,3,9,21,3,38,60
2025-08-10,65,2,68,11,8,30,73,0,4,9,34,4,41,92
2025-08-17,63,1,72,10,8,29,73,0,4,9,28,3,41,84
2025-08-24,58,1,72,8,7,29,67,0,3,9,22,3,33,66
2025-08-31,71,1,75,7,7,31,71,0,3,10,24,3,35,57
2025-09-07,83,1,77,7,7,29,67,0,4,8,32,4,34,63
2025-09-14,100,1,82,6,8,28,69,0,4,8,28,3,28,59
2025-09-21,86,1,79,7,8,29,76,1,4,8,31,3,32,71
2025-09-28,80,1,77,7,8,31,72,1,4,8,30,3,32,67
2025-10-05,75,1,79,9,8,31,79,0,4,8,25,3,34,69
2025-10-12,74,1,76,10,7,30,70,0,4,8,26,3,34,71
2025-10-19,74,1,76,8,7,30,76,0,3,8,27,3,31,55
2025-10-26,68,1,77,7,7,28,74,0,3,8,23,3,28,52
2025-11-02,70,1,79,8,7,28,75,0,3,8,23,3,30,54
2025-11-09,73,1,79,8,7,28,77,0,3,8,28,3,32,50
2025-11-16,73,1,81,13,7,26,85,0,4,9,27,4,34,53
2025-11-23,70,1,70,10,7,28,90,0,4,9,29,3,35,50
2025-11-30,70,1,73,10,6,30,85,0,4,9,32,3,34,51
2025-12-07,68,1,71,7,6,31,80,0,4,9,29,3,30,45
2025-12-14,66,1,66,7,6,29,84,0,3,9,27,3,27,43
2025-12-21,58,1,53,6,6,34,70,0,2,9,16,2,25,34
2025-12-28,59,1,51,6,6,36,69,0,2,11,16,2,25,32
2026-01-04,64,1,62,6,6,33,67,0,3,11,19,2,25,34
2026-01-11,67,1,66,6,6,31,64,0,3,11,22,3,27,37
2026-01-18,65,1,64,6,6,31,66,0,3,10,22,3,32,36
2026-01-25,67,2,71,7,7,30,66,0,4,11,23,3,31,42
2026-02-01,69,2,69,16,6,28,64,0,4,10,22,4,35,49
2026-02-08,71,2,69,11,6,27,63,0,4,11,22,5,29,39
2026-02-15,70,2,60,7,6,30,61,0,5,11,22,6,29,36
2026-02-22,75,2,66,9,6,29,70,1,5,10,24,4,31,37
2026-03-01,76,2,68,9,7,26,63,1,4,9,25,3,45,43
2026-03-08,82,2,71,7,7,28,65,1,4,9,28,4,41,40
2026-03-15,80,2,64,7,7,30,65,1,4,9,30,5,39,43
2026-03-22,85,3,68,7,8,29,68,1,5,10,37,6,37,41
2026-03-29,83,3,63,7,9,33,73,1,5,14,36,6,46,44
2026-04-05,84,3,63,7,9,31,72,1,5,13,32,5,37,46
2026-04-12,91,2,66,7,9,28,70,1,4,13,30,5,36,47
2026-04-19,89,2,67,6,8,26,66,0,4,12,26,4,32,42
2026-04-26,80,2,65,5,7,27,65,0,4,12,25,4,30,35
2026-05-03,68,1,66,5,6,23,59,0,3,10,13,3,18,40
2026-05-10,69,1,70,4,6,24,59,0,3,10,17,3,21,35
